"","V1","V2","V3"
"1",563.225,56.748,0
"2",564.887,58.119,0
"3",565.434,68.061,0
"4",565.926,79.953,0
"5",566.762,69.405,0
"6",567.99,81.669,0
"7",569.194,62.483,0
"8",569.791,55.458,0
"9",570.576,73.136,0
"10",572.167,73.306,0
"11",573.101,47.248,0
"12",573.649,88.769,0
"13",575.847,55.477,0
"14",576.019,55.179,0
"15",576.686,66.819,0
"16",577.379,44.799,0
"17",577.513,51.055,0
"18",578.727,80.574,0
"19",579.476,39.921,0
"20",580.633,44.737,0
"21",581.278,65.616,0
"22",582.023,54.002,0
"23",583.593,76.708,0
"24",583.796,79.86,0
"25",584.366,53.483,0
"26",586.459,59.779,0
"27",587.023,85.774,0
"28",587.679,71.899,0
"29",588.232,39.995,0
"30",588.672,51.99,0
"31",589.312,38.724,0
"32",591.027,44.019,0
"33",591.4,91.172,0
"34",592.217,89.381,0
"35",593.16,66.805,0
"36",594.063,66.893,0
"37",594.76,74.765,0
"38",595.356,80.827,0
"39",595.79,75.361,0
"40",596.355,83.586,0
"41",596.668,86.122,0
"42",598.529,58.733,0
"43",599.626,59.223,0
"44",600.848,85.828,0
"45",601.795,80.356,0
"46",602.177,43.649,0
"47",603.088,68.333,0
"48",604.009,86.323,0
"49",605.044,65.636,0
"50",605.162,87.564,0
"51",605.689,81.98,0
"52",606.666,65.305,0
"53",609.273,46.702,0
"54",609.805,79.983,0
"55",610.426,66.076,0
"56",611.214,67.693,0
"57",612.12,50.623,0
"58",612.611,80.34,0
"59",615.622,67.058,0
"60",616.511,69.774,0
"61",185.148,187.84,1
"62",186.379,210.891,1
"63",190.146,203.939,1
"64",192.725,200.574,1
"65",193.58,191.945,1
"66",196.524,209.577,1
"67",198.153,194.02,1
"68",199.639,189.935,1
"69",200.871,193.293,1
"70",202.992,198.882,1
"71",206.631,195.446,1
"72",208.041,192.715,1
"73",209.812,189.853,1
"74",211.981,200.95,1
"75",214.217,207.195,1
"76",216.775,196.353,1
"77",218.926,212.944,1
"78",220.754,190.068,1
"79",221.351,191.195,1
"80",222.246,185.421,1
"81",223.856,211.078,1
"82",224.959,201.679,1
"83",226.243,191.191,1
"84",227.497,199.323,1
"85",232.63,208.815,1
"86",233.817,198.346,1
"87",236.097,201.321,1
"88",241.224,206.679,1
"89",242.439,191.389,1
"90",244.763,189.957,1
"91",245.674,206.491,1
"92",247.434,208.13,1
"93",249.004,200.664,1
"94",249.977,198.39,1
"95",250.814,208.034,1
"96",253.545,215.389,1
"97",256.788,192.156,1
"98",257.962,208.085,1
"99",260.626,210.016,1
"100",264.383,201.5,1
"101",265.424,194.869,1
"102",267.976,208.111,1
"103",272.218,187.568,1
"104",275.199,196.881,1
"105",281.512,193.436,1
"106",282.56,198.533,1
"107",283.104,202.56,1
"108",284.464,215.55,1
"109",286.95,198.506,1
"110",288.923,213.113,1
"111",289.933,208.837,1
"112",290.501,200.067,1
"113",292.782,209.527,1
"114",295.307,185.377,1
"115",296.686,208.971,1
"116",300.462,210.472,1
"117",301.987,213.201,1
"118",303.553,213.944,1
"119",13.354,264.529,2
"120",16.103,255.247,2
"121",17.339,249.372,2
"122",18.137,258.655,2
"123",19.608,265.248,2
"124",21.247,262.794,2
"125",22.098,281.747,2
"126",22.758,242.831,2
"127",23.345,251.326,2
"128",23.635,245.377,2
"129",24.691,273.256,2
"130",26.117,244.136,2
"131",27.203,257.622,2
"132",28.94,244.752,2
"133",29.936,234.543,2
"134",30.809,233.232,2
"135",31.169,284.702,2
"136",32.489,266.777,2
"137",32.93,271.838,2
"138",33.591,283.933,2
"139",33.773,281.922,2
"140",34.513,276.181,2
"141",34.652,252.158,2
"142",35.524,243.571,2
"143",35.876,243.583,2
"144",37.343,233.625,2
"145",38.62,246.751,2
"146",40.455,255.385,2
"147",41.524,284.287,2
"148",42.817,248.056,2
"149",44.067,281.238,2
"150",45.476,271.387,2
"151",46.187,286.244,2
"152",47.739,252.702,2
"153",48.338,258.763,2
"154",48.994,234.513,2
"155",49.857,253.511,2
"156",50.245,237.932,2
"157",50.976,267.189,2
"158",51.328,270.145,2
"159",51.66,262.632,2
"160",53.837,292.781,2
"161",54.617,291.696,2
"162",54.983,230.195,2
"163",55.211,290.125,2
"164",56.785,252.76,2
"165",58.204,276.242,2
"166",59.035,272.023,2
"167",59.624,282.485,2
"168",60.396,231.942,2
"169",61.014,242.437,2
"170",61.448,245.848,2
"171",62.185,263.182,2
"172",62.725,245.593,2
"173",63.76,274.755,2
"174",64.487,237.96,2
"175",64.713,252.737,2
"176",65.05,227.462,2
"177",65.823,290.489,2
"178",66.296,267.64,2
"179",67.832,281.385,2
"180",68.888,226.002,2
"181",69.967,246.5,2
"182",70.286,260.492,2
"183",71.834,228.468,2
"184",72.206,243.232,2
"185",72.789,287.178,2
"186",73.157,293.775,2
"187",73.85,264.688,2
"188",74.708,264.807,2
"189",75.394,254.897,2
"190",76.311,243.142,2
"191",76.972,287.451,2
"192",77.989,230.004,2
"193",78.233,266.766,2
"194",78.502,237.794,2
"195",79.202,287.122,2
"196",79.272,242.156,2
"197",79.722,264.361,2
"198",80.199,298.082,2
"199",81.069,261.888,2
"200",81.534,276.974,2
"201",81.913,237.585,2
"202",83.034,247.402,2
"203",83.679,240.902,2
"204",83.855,297.607,2
"205",84.888,253.396,2
"206",85.499,236.795,2
"207",86.941,232.489,2
"208",87.406,299.783,2
"209",88.392,237.048,2
"210",88.701,250.651,2
"211",88.982,299.489,2
"212",89.319,226.7,2
"213",90.41,257.448,2
"214",90.58,231.072,2
"215",91.23,262.604,2
"216",92.209,222.15,2
"217",92.786,227.418,2
"218",93.554,293.737,2
"219",93.768,293.591,2
"220",94.697,258.708,2
"221",95.536,237.686,2
"222",96.182,228.088,2
"223",96.715,223.257,2
"224",97.527,273.821,2
"225",97.685,278.438,2
"226",98.38,284.748,2
"227",99.108,296.813,2
"228",99.767,224.9,2
"229",100.165,222.073,2
"230",100.778,278.911,2
"231",101.931,266.622,2
"232",102.84,240.178,2
"233",103.131,239.699,2
"234",103.347,251.559,2
"235",103.919,268.385,2
"236",104.593,279.342,2
"237",104.851,266.407,2
"238",105.187,268.4,2
"239",105.396,267.244,2
"240",105.877,248.509,2
"241",106.187,280.048,2
"242",106.267,221.253,2
"243",106.699,250.833,2
"244",107.251,233.71,2
"245",107.427,264.254,2
"246",107.743,239.853,2
"247",108.98,262.284,2
"248",109.713,272.873,2
"249",109.967,298.248,2
"250",110.534,224.346,2
"251",110.823,229.572,2
"252",111.309,226.288,2
"253",111.731,278.228,2
"254",113.107,268.624,2
"255",113.726,289.755,2
"256",113.971,233.849,2
"257",114.502,226.788,2
"258",114.867,299.812,2
"259",115.386,274.375,2
"260",116.25,285.816,2
"261",116.901,239.932,2
"262",117.588,279.468,2
"263",117.808,296.526,2
"264",117.991,296.388,2
"265",118.793,226.169,2
"266",119.412,292.521,2
"267",119.916,279.182,2
"268",120.435,281.88,2
"269",121.329,271.627,2
"270",122.254,274.67,2
"271",122.962,272.851,2
"272",123.476,263.763,2
"273",123.817,290.177,2
"274",124.895,225.312,2
"275",125.876,237.528,2
"276",126.299,248.847,2
"277",127.881,277.424,2
"278",128.782,258.494,2
"279",129.474,259.443,2
"280",129.986,263.765,2
"281",130.248,254.418,2
"282",130.953,288.629,2
"283",132.874,236.928,2
"284",133.637,287.142,2
"285",134.173,262.139,2
"286",135.02,242.398,2
"287",135.631,288.789,2
"288",136.99,279.42,2
"289",137.468,248.605,2
"290",138.208,250.879,2
"291",139.394,251.962,2
"292",140.295,288.066,2
"293",140.989,255.222,2
"294",141.315,270.173,2
"295",141.852,235.406,2
"296",142.609,245.018,2
"297",143.009,238.399,2
"298",143.719,276.511,2
"299",144.26,231.112,2
"300",145.175,256.033,2
"301",145.439,275.743,2
"302",145.89,252.356,2
"303",146.859,269.907,2
"304",147.058,258.492,2
"305",147.155,235.835,2
"306",147.203,236.173,2
"307",148.38,258.14,2
"308",149.106,257.056,2
"309",149.431,255.84,2
"310",150.654,287.67,2
"311",151.7,255.743,2
"312",152.675,261.621,2
"313",153.978,271.106,2
"314",155.048,286.331,2
"315",156.319,265.01,2
"316",157.05,285.03,2
"317",158.213,278.882,2
"318",158.962,243.196,2
"319",161.138,237.596,2
"320",161.646,243.994,2
"321",163.331,280.859,2
"322",164.213,281.869,2
"323",164.773,282.94,2
"324",165.059,242.019,2
"325",165.281,280.402,2
"326",166.042,248.031,2
"327",167.623,242.272,2
"328",168.128,276.198,2
"329",168.464,268.973,2
"330",169.483,267.895,2
"331",170.249,249.485,2
"332",170.979,273.265,2
"333",171.513,253.62,2
"334",171.783,269.142,2
"335",172.844,257.272,2
"336",173.952,265.78,2
"337",174.138,270.815,2
"338",175.856,272.269,2
"339",177.18,255.497,2
"340",177.257,264.482,2
"341",178.95,243.888,2
"342",181.542,281.885,2
"343",182.722,251.107,2
"344",183.453,267.579,2
"345",184.185,246.987,2
"346",185.341,270.505,2
"347",186.511,242.978,2
"348",188.91,241.019,2
"349",191.666,243.181,2
"350",192.627,275.928,2
"351",194.441,269.436,2
"352",195.761,262.548,2
"353",196.945,247.552,2
"354",197.076,274.643,2
"355",198.511,272.877,2
"356",200.067,270.562,2
"357",200.776,269.116,2
"358",202.842,259.868,2
"359",203.896,244.526,2
"360",204.787,250.219,2
"361",205.469,248.346,2
"362",208.056,258.037,2
"363",208.684,259.333,2
"364",210.158,265.929,2
"365",210.741,245.633,2
"366",213.053,239.042,2
"367",213.685,254.623,2
"368",214.879,253.977,2
"369",216.027,264.996,2
"370",217.35,266.199,2
"371",218.58,255.904,2
"372",218.852,243.589,2
"373",219.705,242.826,2
"374",221.495,236.117,2
"375",223.711,242.644,2
"376",224.354,259.331,2
"377",225.566,248.478,2
"378",229.354,237.398,2
"379",233.129,236.923,2
"380",233.311,258.28,2
"381",234.903,256.115,2
"382",236.158,240.551,2
"383",237.976,253.329,2
"384",239.34,251.177,2
"385",240.348,244.397,2
"386",243.132,254.789,2
"387",243.505,248.39,2
"388",244.731,247.555,2
"389",245.48,255.893,2
"390",247.504,258.892,2
"391",249.927,234.034,2
"392",251.727,260.918,2
"393",252.992,248.801,2
"394",254.104,251.732,2
"395",255.41,243.183,2
"396",258.885,236.008,2
"397",260.153,258.965,2
"398",261.686,253.904,2
"399",264.961,245.82,2
"400",267.765,254.765,2
"401",271.931,253.244,2
"402",272.186,246.484,2
"403",273.159,248.205,2
"404",274.679,256.092,2
"405",276.12,238.06,2
"406",277.313,240.625,2
"407",278.117,262.051,2
"408",280.711,258.076,2
"409",281.716,246.601,2
"410",281.94,236.785,2
"411",282.711,249.692,2
"412",283.115,263.584,2
"413",283.983,257.348,2
"414",284.543,263.316,2
"415",287.046,262.162,2
"416",288.927,260.541,2
"417",289.315,255.218,2
"418",289.943,250.361,2
"419",291.608,267.339,2
"420",291.955,267.281,2
"421",292.398,252.325,2
"422",293.017,255.158,2
"423",295.004,260.365,2
"424",296.183,237.238,2
"425",297.623,252.161,2
"426",298.424,264.142,2
"427",299.807,263.045,2
"428",300.557,269.025,2
"429",304.204,271.556,2
"430",307.425,274.677,2
"431",308.161,273.136,2
"432",308.928,247.987,2
"433",310.057,251.42,2
"434",313.136,266.045,2
"435",313.672,247.666,2
"436",314.848,254.205,2
"437",317.095,273.844,2
"438",318.449,266.77,2
"439",318.858,277.693,2
"440",320.149,245.128,2
"441",320.88,254.928,2
"442",321.587,243.537,2
"443",323.345,257.64,2
"444",324.518,243.11,2
"445",325.259,254.743,2
"446",326.596,254.017,2
"447",327.833,249.55,2
"448",328.233,263.65,2
"449",329.356,264.379,2
"450",331.098,264.241,2
"451",333.338,276.376,2
"452",334.236,263.988,2
"453",335.585,269.761,2
"454",336.776,245.851,2
"455",337.25,243.518,2
"456",338.656,262.053,2
"457",339.143,237.759,2
"458",340.372,273.623,2
"459",341.517,282.249,2
"460",342.655,280.406,2
"461",343.522,269.317,2
"462",344.314,252.462,2
"463",344.967,243.995,2
"464",347.038,255.476,2
"465",347.652,285.927,2
"466",348.419,273.871,2
"467",348.735,244.499,2
"468",349.448,246.822,2
"469",349.757,286.903,2
"470",349.886,271.844,2
"471",351.663,274.561,2
"472",352.21,235.047,2
"473",352.711,252.672,2
"474",354.288,235.336,2
"475",354.766,253.537,2
"476",356.356,250.344,2
"477",356.632,270.577,2
"478",357.71,243.756,2
"479",358.554,270.689,2
"480",358.852,276.35,2
"481",360.086,259.86,2
"482",360.788,271.746,2
"483",362.224,276.787,2
"484",362.946,254.075,2
"485",363.594,272.175,2
"486",363.749,296.325,2
"487",364.26,266.056,2
"488",365.446,264.773,2
"489",365.78,289.731,2
"490",367.157,276.706,2
"491",367.698,278.978,2
"492",368.132,265.631,2
"493",368.667,235.202,2
"494",369.802,277.56,2
"495",370.829,225.197,2
"496",372.405,228.113,2
"497",373.835,270.518,2
"498",374.024,269.535,2
"499",374.702,226.626,2
"500",375.341,276.45,2
"501",376.196,241.588,2
"502",376.595,237.067,2
"503",377.026,266.93,2
"504",377.092,248.07,2
"505",377.393,220.006,2
"506",377.831,248.255,2
"507",378.371,274.317,2
"508",378.5,240.02,2
"509",379.145,225.451,2
"510",379.454,269.72,2
"511",379.639,234.918,2
"512",381.229,286.043,2
"513",381.421,267.62,2
"514",381.813,230.739,2
"515",382.338,262.01,2
"516",382.845,234.506,2
"517",383.098,241.973,2
"518",383.557,292.124,2
"519",384.073,230.751,2
"520",384.686,262.532,2
"521",385.559,291.054,2
"522",386.265,300.405,2
"523",386.731,275.618,2
"524",387.253,226.958,2
"525",387.448,226.627,2
"526",387.822,289.82,2
"527",388.107,260.38,2
"528",388.736,233.743,2
"529",388.97,291.242,2
"530",389.399,243.022,2
"531",390.715,226.094,2
"532",392.665,264.428,2
"533",393.032,288.458,2
"534",394.425,298.366,2
"535",394.91,252.065,2
"536",395.928,301.856,2
"537",396.136,276.809,2
"538",396.765,263.377,2
"539",397.189,235.132,2
"540",397.463,229.396,2
"541",397.862,259.51,2
"542",398.33,243.374,2
"543",398.63,235.251,2
"544",399.487,228.996,2
"545",400.102,245.483,2
"546",400.213,246.726,2
"547",400.6,276.768,2
"548",401.105,273.561,2
"549",401.597,254.28,2
"550",402.147,286.638,2
"551",402.891,297.832,2
"552",404.28,297.829,2
"553",404.364,291.647,2
"554",404.952,289.539,2
"555",405.164,293.44,2
"556",405.487,295.939,2
"557",405.846,282.933,2
"558",406.319,231.514,2
"559",406.818,266.06,2
"560",408.352,273.228,2
"561",409.058,243.858,2
"562",409.322,255.152,2
"563",409.623,289.933,2
"564",409.888,269.07,2
"565",410.876,287.778,2
"566",411.207,262.768,2
"567",411.46,247.458,2
"568",412.459,236.835,2
"569",413.229,275.968,2
"570",413.701,227.171,2
"571",414.651,238.275,2
"572",414.779,235.505,2
"573",415.267,261.513,2
"574",416.077,257.898,2
"575",416.318,282.917,2
"576",416.889,291.509,2
"577",417.761,268.451,2
"578",418.445,259.976,2
"579",419.217,268.525,2
"580",420.531,291.445,2
"581",420.635,232.499,2
"582",420.819,276.785,2
"583",421.354,250.434,2
"584",421.532,231.376,2
"585",421.91,293.441,2
"586",422.133,292.868,2
"587",423.156,234.235,2
"588",424.009,252.468,2
"589",424.881,241.292,2
"590",425.677,279.174,2
"591",426.503,250.416,2
"592",426.682,246.638,2
"593",427.451,233.268,2
"594",429.061,266.166,2
"595",429.557,277.432,2
"596",430.013,234.895,2
"597",430.835,247.6,2
"598",432.029,267.743,2
"599",432.396,237.085,2
"600",433.005,254.057,2
"601",433.448,245.556,2
"602",434.83,289.099,2
"603",435.734,248.008,2
"604",436.958,238.21,2
"605",437.521,286.103,2
"606",437.817,256.183,2
"607",438.218,231.246,2
"608",438.6,236.97,2
"609",439.448,240.77,2
"610",440.103,251.244,2
"611",440.686,266.626,2
"612",441.449,238.77,2
"613",441.867,233.186,2
"614",442.566,237.036,2
"615",443.651,239.602,2
"616",444.093,253.062,2
"617",445.336,273.26,2
"618",446.434,246.71,2
"619",446.862,244.73,2
"620",447.864,238.768,2
"621",449.021,240.921,2
"622",449.613,253.74,2
"623",451.683,265.286,2
"624",452.213,242.38,2
"625",453.724,258.44,2
"626",454.921,263.766,2
"627",455.359,280.24,2
"628",456.722,272.881,2
"629",457.717,265.404,2
"630",458.617,240.381,2
"631",459.11,263.377,2
"632",459.967,275.32,2
"633",460.796,266.038,2
"634",461.696,277.385,2
"635",463.472,260.844,2
"636",464.852,273.706,2
"637",466.705,261.183,2
"638",20.026,88.356,3
"639",20.925,67.44,3
"640",22.487,51.786,3
"641",22.816,79.416,3
"642",23.583,45.891,3
"643",24.731,71.788,3
"644",25.363,83.041,3
"645",25.619,35.879,3
"646",25.866,104.418,3
"647",26.267,98.659,3
"648",27.143,86.854,3
"649",27.569,63.439,3
"650",28.136,52.202,3
"651",28.708,70.1,3
"652",30.002,86.534,3
"653",30.529,50.283,3
"654",31.439,59.06,3
"655",31.778,31.64,3
"656",32.362,60.976,3
"657",33.102,42.576,3
"658",33.816,63.395,3
"659",34.528,42.59,3
"660",35.083,82.876,3
"661",35.587,35.094,3
"662",35.876,84.028,3
"663",36.332,44.874,3
"664",38.016,63.307,3
"665",38.977,101.356,3
"666",39.977,35.651,3
"667",40.739,101.634,3
"668",41.284,99.463,3
"669",41.571,70.988,3
"670",42.029,96.977,3
"671",42.703,42.245,3
"672",43.616,99.011,3
"673",44.274,97.434,3
"674",44.549,96.843,3
"675",45.227,64.844,3
"676",46.879,105.358,3
"677",47.229,41.339,3
"678",47.812,73.61,3
"679",48.172,37.776,3
"680",48.445,101.597,3
"681",48.882,96.462,3
"682",49.213,37.181,3
"683",50.837,68.983,3
"684",52.087,39.576,3
"685",52.683,97.493,3
"686",52.851,70.693,3
"687",53.586,44.759,3
"688",53.813,74.661,3
"689",54.275,39.558,3
"690",54.604,68.79,3
"691",55.701,41.258,3
"692",56.304,103.478,3
"693",56.559,48.611,3
"694",57.978,73.95,3
"695",58.987,83.099,3
"696",59.405,72.465,3
"697",60.345,84.563,3
"698",60.88,56.087,3
"699",61.323,91.239,3
"700",61.968,78.091,3
"701",62.304,41.51,3
"702",63.227,76.938,3
"703",64.075,76.453,3
"704",65.2,45.738,3
"705",65.767,74.248,3
"706",66.027,59.45,3
"707",66.414,49.308,3
"708",67.068,54.264,3
"709",67.789,33.516,3
"710",68.005,90.836,3
"711",68.44,84.09,3
"712",69.243,73.506,3
"713",69.941,67.454,3
"714",70.515,76.681,3
"715",70.619,68.005,3
"716",71.443,62.345,3
"717",72.225,73.661,3
"718",72.823,55.906,3
"719",73.081,57.281,3
"720",74.597,88.148,3
"721",74.891,92.013,3
"722",75.352,42.168,3
"723",76.402,46.526,3
"724",76.924,97.468,3
"725",77.354,42.696,3
"726",77.609,49.547,3
"727",77.998,51.452,3
"728",78.273,67.935,3
"729",78.672,81.344,3
"730",79.841,37.471,3
"731",80.276,99.507,3
"732",80.807,66.626,3
"733",81.264,37.297,3
"734",82.573,43.318,3
"735",82.845,62.738,3
"736",84.769,33.369,3
"737",84.95,46.428,3
"738",85.31,69.209,3
"739",85.528,43.019,3
"740",86.174,87.7,3
"741",87.064,45.155,3
"742",87.264,41.933,3
"743",87.621,79.009,3
"744",88.04,42.651,3
"745",88.358,83.503,3
"746",88.661,50.492,3
"747",89.681,62.352,3
"748",89.819,35.2,3
"749",90.149,80.837,3
"750",90.417,86.464,3
"751",91.178,93.144,3
"752",92.234,58.324,3
"753",93.43,69.424,3
"754",93.843,43.443,3
"755",94.526,86.049,3
"756",95.324,53.04,3
"757",95.511,60.079,3
"758",96.416,65.625,3
"759",97.569,67.92,3
"760",98.308,100.305,3
"761",99.007,36.435,3
"762",99.209,63.846,3
"763",99.495,57.019,3
"764",100.154,79.893,3
"765",101.63,77.737,3
"766",102.822,77.927,3
"767",103.06,40.985,3
"768",103.86,81.621,3
"769",104.769,81.393,3
"770",106.071,100.828,3
"771",106.567,76.381,3
"772",107.638,40.477,3
"773",108.238,49.247,3
"774",108.426,78.291,3
"775",109.009,50.542,3
"776",109.879,93.396,3
"777",111.307,36.873,3
"778",111.949,77.803,3
"779",112.188,68.448,3
"780",112.91,82.451,3
"781",113.441,72.41,3
"782",113.821,42.075,3
"783",114.246,94.967,3
"784",114.784,36.421,3
"785",115.213,73.147,3
"786",115.343,41.516,3
"787",115.8,47.128,3
"788",116.291,63.513,3
"789",116.894,38.559,3
"790",117.562,65.505,3
"791",117.75,43.494,3
"792",118.667,84.298,3
"793",119.687,80.956,3
"794",120.488,97.901,3
"795",121.28,94.189,3
"796",122.338,60.263,3
"797",123.958,88.871,3
"798",124.635,97.045,3
"799",124.823,56.081,3
"800",126.011,49.435,3
"801",126.736,61.51,3
"802",126.961,78.826,3
"803",127.27,76.188,3
"804",128.959,67.193,3
"805",129.687,75.267,3
"806",131.082,49.239,3
"807",131.513,92.707,3
"808",131.874,48.172,3
"809",132.207,70.671,3
"810",132.473,78.561,3
"811",132.883,82.874,3
"812",133.179,90.397,3
"813",133.755,93.225,3
"814",134.411,80.027,3
"815",136.888,63.247,3
"816",137.557,82.487,3
"817",138.322,52.055,3
"818",139.097,88.59,3
"819",139.247,52.484,3
"820",139.864,81.763,3
"821",140.329,90.265,3
"822",140.81,52.179,3
"823",141.162,61.581,3
"824",141.492,92.94,3
"825",142.308,63.537,3
"826",143.042,57.887,3
"827",144.075,50.124,3
"828",145.616,70.385,3
"829",146.775,77.422,3
"830",147.703,84.201,3
"831",148.922,42.972,3
"832",149.038,75.295,3
"833",149.587,42.701,3
"834",149.917,59.291,3
"835",152.073,43.234,3
"836",152.474,95.42,3
"837",152.883,71.206,3
"838",153.719,87.626,3
"839",154.131,96.51,3
"840",154.392,46.112,3
"841",154.686,39.223,3
"842",155.18,69.093,3
"843",156.204,81.21,3
"844",156.851,91.208,3
"845",157.62,88.902,3
"846",158.011,88.12,3
"847",158.285,88.965,3
"848",158.606,42.57,3
"849",161.177,77.037,3
"850",161.465,71.657,3
"851",162.31,89.163,3
"852",163.53,88.975,3
"853",163.767,65.833,3
"854",165.344,62.451,3
"855",167.697,82.038,3
"856",168.233,60.035,3
"857",168.664,54.343,3
"858",169.22,83.732,3
"859",170.695,75.392,3
"860",170.993,67.087,3
"861",171.253,69.994,3
"862",171.6,72.319,3
"863",172.086,54.77,3
"864",174.307,63.59,3
"865",174.961,51.181,3
"866",175.306,57.132,3
"867",175.675,85.154,3
"868",176.225,60.676,3
"869",177.422,48.042,3
"870",178.532,38.528,3
"871",179.289,38.267,3
"872",180.322,61.561,3
"873",182.166,40.855,3
"874",182.69,50.331,3
"875",183.39,85.896,3
"876",183.61,68.512,3
"877",184.591,76.374,3
"878",185.472,74.38,3
"879",185.61,77.854,3
"880",185.938,60.224,3
"881",186.136,61.699,3
"882",186.442,64.75,3
"883",186.704,91.046,3
"884",187.69,62.835,3
"885",187.95,91.721,3
"886",188.717,59.453,3
"887",189.725,55.706,3
"888",190.862,47.475,3
"889",191.617,93.426,3
"890",192.774,57.081,3
"891",193.39,69.729,3
"892",194.738,88.856,3
"893",194.948,85.251,3
"894",196.382,61.135,3
"895",197.382,91.451,3
"896",198.151,70.459,3
"897",198.896,92.014,3
"898",199.346,45.374,3
"899",200.184,90.579,3
"900",200.288,71.313,3
"901",201.004,94.303,3
"902",202.27,44.882,3
"903",203.374,66.095,3
"904",205.069,75.118,3
"905",205.719,50.086,3
"906",206.605,39.759,3
"907",207.196,44.224,3
"908",208.581,88.991,3
"909",209.378,74.42,3
"910",210.508,66.553,3
"911",211.211,87.259,3
"912",212.047,62.406,3
"913",213.648,56.196,3
"914",214.136,52.492,3
"915",215.333,62.461,3
"916",215.711,51.128,3
"917",216.664,89.533,3
"918",216.957,58.002,3
"919",217.56,89.709,3
"920",218.142,62.487,3
"921",218.712,62.188,3
"922",219.774,43.489,3
"923",220.216,86.898,3
"924",220.599,79.91,3
"925",222.071,52.333,3
"926",223.48,72.01,3
"927",224.339,72.518,3
"928",225.532,41.204,3
"929",226.199,90.138,3
"930",226.773,53.108,3
"931",227.091,49.349,3
"932",229.049,72.15,3
"933",229.812,56.575,3
"934",230.128,74.606,3
"935",232.164,81.685,3
"936",233.352,61.882,3
"937",234.184,72.322,3
"938",234.561,68.49,3
"939",235.12,63.464,3
"940",236.365,58.842,3
"941",237.963,43.493,3
"942",239.496,52.424,3
"943",240.379,79.313,3
"944",241.285,56.515,3
"945",242.707,86.626,3
"946",243.848,73.486,3
"947",244.328,50.502,3
"948",245.503,58.238,3
"949",247.604,88.236,3
"950",249.017,75.836,3
"951",249.916,41.877,3
"952",250.626,76.032,3
"953",251.214,75.53,3
"954",252.941,78.521,3
"955",256.725,44.221,3
"956",257.692,79.27,3
"957",258.448,43.265,3
"958",259.4,60.697,3
"959",260.526,64.885,3
"960",260.949,61.861,3
"961",262.137,65.716,3
"962",263.49,68.789,3
"963",264.564,83.02,3
"964",265.939,85.714,3
"965",267.149,71.208,3
"966",267.577,64.794,3
"967",268.566,64.402,3
"968",268.832,62.947,3
"969",270.193,61.842,3
"970",270.907,75.431,3
"971",272.251,76.767,3
"972",274.057,57.467,3
"973",274.713,56.921,3
"974",275.826,85.578,3
"975",276.736,55.24,3
"976",276.994,50.804,3
"977",278.203,44.936,3
"978",278.654,80.64,3
"979",279.981,85.693,3
"980",280.538,46.481,3
"981",281.017,46.503,3
"982",281.581,52.053,3
"983",281.775,56.956,3
"984",282.448,83.449,3
"985",284.784,85.639,3
"986",285.346,84.195,3
"987",285.816,83.059,3
"988",286.705,87.379,3
"989",287.922,68.7,3
"990",288.775,55.605,3
"991",290.721,72.844,3
"992",291.944,48.623,3
"993",293.111,66.996,3
"994",295.278,57.284,3
"995",297.164,81.626,3
"996",297.622,77.822,3
"997",300.619,54.293,3
"998",301.24,67.744,3
"999",302.009,45.413,3
"1000",302.212,71.154,3
"1001",303.245,71.639,3
"1002",304.637,46.342,3
"1003",305.991,68.517,3
"1004",307.776,63.824,3
"1005",308.773,64.917,3
"1006",309.122,66.194,3
"1007",310.161,77.431,3
"1008",311.262,80.928,3
"1009",312.144,76.836,3
"1010",312.881,78.538,3
"1011",314.322,61.281,3
"1012",315.441,46.009,3
"1013",316.111,67.115,3
"1014",318.039,67.135,3
"1015",320.769,74.333,3
"1016",322.16,78.744,3
"1017",323.978,50.357,3
"1018",326.427,72.615,3
"1019",327.47,59.251,3
"1020",328.444,61.955,3
"1021",329.155,45.002,3
"1022",330.036,80.932,3
"1023",331.706,48.948,3
"1024",334.272,46.132,3
"1025",335.207,50.155,3
"1026",336.559,52.831,3
"1027",337.243,55.359,3
"1028",338.274,74.516,3
"1029",339.262,48.903,3
"1030",340.858,74.988,3
"1031",341.722,79.242,3
"1032",342.302,67.469,3
"1033",343.49,81.079,3
"1034",344.244,49.789,3
"1035",346.019,48.244,3
"1036",347.603,67.166,3
"1037",348.298,63.024,3
"1038",349.743,76.385,3
"1039",350.902,48.533,3
"1040",351.801,78.05,3
"1041",352.975,72.493,3
"1042",354.22,70.427,3
"1043",355.118,71.092,3
"1044",356.428,78.265,3
"1045",357.412,70.52,3
"1046",357.851,57.674,3
"1047",361.262,61.678,3
"1048",362.116,74.956,3
"1049",363.833,69.576,3
"1050",364.162,50.608,3
"1051",365.168,70.519,3
"1052",366.817,79.558,3
"1053",367.494,63.749,3
"1054",368.624,70.051,3
"1055",369.742,53.672,3
"1056",370.865,76.36,3
"1057",371.122,77.172,3
"1058",371.939,70.299,3
"1059",372.808,54.15,3
"1060",373.894,74.103,3
"1061",375.607,75.367,3
"1062",375.795,64.978,3
"1063",378.162,76.049,3
"1064",379.772,73.963,3
"1065",381.339,78.152,3
"1066",381.711,64.804,3
"1067",384.332,69.501,3
"1068",386.181,48.463,3
"1069",387.533,49.403,3
"1070",388.474,48.509,3
"1071",389.93,73.889,3
"1072",390.384,59.937,3
"1073",391.786,72.13,3
"1074",392.926,63.488,3
"1075",393.553,67.943,3
"1076",394.626,78.583,3
"1077",395.643,65.311,3
"1078",396.715,61.735,3
"1079",399.499,55.847,3
"1080",400.204,61.959,3
"1081",400.882,48.857,3
"1082",401.445,53.554,3
"1083",401.961,72.637,3
"1084",402.865,50.064,3
"1085",404.213,58.824,3
"1086",405.133,59.514,3
"1087",406.462,75.161,3
"1088",407.734,61.151,3
"1089",409.517,76.146,3
"1090",410.738,55.98,3
"1091",412.46,48.352,3
"1092",414.745,59.642,3
"1093",416.578,58.682,3
"1094",417.472,72.913,3
"1095",419.479,61.671,3
"1096",421.539,65.509,3
"1097",422.855,57.896,3
"1098",423.308,72.312,3
"1099",424.876,63.659,3
"1100",427.301,52.866,3
"1101",428.306,56.496,3
"1102",429.491,63.914,3
"1103",431.457,51.741,3
"1104",431.817,52.7,3
"1105",433.348,54.709,3
"1106",434.718,55.796,3
"1107",435.7,59.384,3
"1108",436.188,52.454,3
"1109",438.046,50.671,3
"1110",439.489,51.076,3
"1111",440.297,51.044,3
"1112",442.533,59.002,3
"1113",444.359,57.847,3
"1114",445.847,63.321,3
"1115",447.009,53.556,3
"1116",448.248,59.269,3
"1117",449.252,55.079,3
"1118",451.058,56.084,3
"1119",452.231,60.751,3
"1120",455.288,73.972,3
"1121",480.872,334.831,4
"1122",485.216,241.477,4
"1123",486.035,325.079,4
"1124",486.356,232.863,4
"1125",486.759,278.795,4
"1126",487.7,327.89,4
"1127",488.121,266.233,4
"1128",488.824,188.719,4
"1129",489.661,208.594,4
"1130",490.141,317.891,4
"1131",491.006,262.795,4
"1132",491.867,273.072,4
"1133",492.522,349.435,4
"1134",493.272,348.466,4
"1135",493.839,175.772,4
"1136",494.508,372.029,4
"1137",494.83,174.778,4
"1138",495.311,262.529,4
"1139",495.699,232.135,4
"1140",495.73,175.982,4
"1141",496.058,311.919,4
"1142",496.213,346.151,4
"1143",497.08,251.411,4
"1144",497.592,277.648,4
"1145",498.615,321.004,4
"1146",499.348,327.046,4
"1147",500.261,264.723,4
"1148",500.896,228.076,4
"1149",502.061,308.524,4
"1150",502.412,273.52,4
"1151",503.806,193.192,4
"1152",505.413,338.048,4
"1153",506.234,203.63,4
"1154",506.661,272.982,4
"1155",507.103,198.025,4
"1156",507.867,231.304,4
"1157",508.158,194.442,4
"1158",508.522,181.015,4
"1159",509.631,331.831,4
"1160",510.06,299.833,4
"1161",510.995,164.336,4
"1162",511.274,185.284,4
"1163",512.052,330.97,4
"1164",512.474,312.885,4
"1165",512.707,363.166,4
"1166",513.433,272.337,4
"1167",513.942,309.618,4
"1168",514.896,338.554,4
"1169",515.489,181.802,4
"1170",515.637,172.259,4
"1171",515.971,168.484,4
"1172",516.882,243.334,4
"1173",517.255,357.003,4
"1174",517.496,170.072,4
"1175",517.887,375.45,4
"1176",518.631,258.059,4
"1177",518.912,262.173,4
"1178",519.05,275.865,4
"1179",521.297,365.091,4
"1180",521.577,324.102,4
"1181",521.922,265.562,4
"1182",522.173,361.623,4
"1183",522.66,266.664,4
"1184",523.306,331.784,4
"1185",523.525,289.952,4
"1186",524.095,255.166,4
"1187",525.058,322.106,4
"1188",525.683,310.979,4
"1189",526.41,204.544,4
"1190",526.837,185.48,4
"1191",527.096,366.064,4
"1192",527.808,306.467,4
"1193",528.442,254.458,4
"1194",529.27,198.847,4
"1195",529.626,263.193,4
"1196",530.131,166.028,4
"1197",530.802,293.405,4
"1198",531.122,365.629,4
"1199",531.457,227.77,4
"1200",531.702,296.293,4
"1201",532.02,283.149,4
"1202",532.132,199.358,4
"1203",532.647,326.492,4
"1204",532.878,234.675,4
"1205",533.192,160.673,4
"1206",533.877,220.304,4
"1207",534.15,274.941,4
"1208",534.923,201.415,4
"1209",535.435,167.846,4
"1210",535.984,204.646,4
"1211",536.212,234.512,4
"1212",536.616,227.524,4
"1213",536.745,174.493,4
"1214",537.329,309.338,4
"1215",537.521,244.539,4
"1216",538.817,379.651,4
"1217",539.194,278.559,4
"1218",539.774,172.602,4
"1219",539.844,314.595,4
"1220",540.037,277,4
"1221",540.395,329.338,4
"1222",540.609,163.443,4
"1223",540.875,203.393,4
"1224",541.6,359.202,4
"1225",541.962,207.813,4
"1226",543.076,233.018,4
"1227",543.266,165.854,4
"1228",544.265,350.96,4
"1229",544.443,172.071,4
"1230",545.03,301.581,4
"1231",545.303,301.635,4
"1232",545.665,172.952,4
"1233",545.98,364.976,4
"1234",546.914,359.652,4
"1235",548.245,348.933,4
"1236",548.338,342.74,4
"1237",548.628,227.947,4
"1238",549.035,290.121,4
"1239",549.559,170.365,4
"1240",549.987,290.017,4
"1241",552.43,368.72,4
"1242",20.163,135.455,5
"1243",22.54,133.792,5
"1244",23.601,139.432,5
"1245",27.562,131.582,5
"1246",29.526,136.135,5
"1247",32.592,135.646,5
"1248",34.601,149.79,5
"1249",38.274,145.324,5
"1250",40.537,149.816,5
"1251",46.921,131.675,5
"1252",48.715,151.548,5
"1253",54.139,129.718,5
"1254",54.596,127.531,5
"1255",55.752,131.06,5
"1256",56.923,131.517,5
"1257",57.837,132.443,5
"1258",58.408,132.9,5
"1259",59.909,131.622,5
"1260",61.463,133.798,5
"1261",63.28,128.257,5
"1262",65.549,138.53,5
"1263",68.142,144.341,5
"1264",70.974,135.507,5
"1265",71.675,126.72,5
"1266",73.756,131.251,5
"1267",75.71,129.162,5
"1268",76.753,144.234,5
"1269",78.764,145.557,5
"1270",81.256,146.509,5
"1271",82.402,142.087,5
"1272",83.626,142.361,5
"1273",84.094,124.809,5
"1274",88.248,151.101,5
"1275",89.82,147.771,5
"1276",90.21,124.418,5
"1277",91.216,127.902,5
"1278",92.038,147.397,5
"1279",94.98,123.231,5
"1280",97.174,149.764,5
"1281",99.236,140.842,5
"1282",99.415,132.784,5
"1283",100.697,148.987,5
"1284",101.718,151.445,5
"1285",102.192,128.267,5
"1286",102.345,156.875,5
"1287",104.671,131.178,5
"1288",105.947,120.576,5
"1289",106.423,153.835,5
"1290",109.149,137.643,5
"1291",110.612,143.044,5
"1292",112.654,145.227,5
"1293",113.741,153.157,5
"1294",117.786,150.827,5
"1295",120.133,119.53,5
"1296",122.344,126.998,5
"1297",122.97,130.338,5
"1298",124.424,123.629,5
"1299",126.069,150.593,5
"1300",128.502,137.405,5
"1301",129.8,148.397,5
"1302",130.996,142.945,5
"1303",132.985,139.085,5
"1304",138.954,151.225,5
"1305",139.725,142.143,5
"1306",141.033,136.615,5
"1307",143.928,119.499,5
"1308",145.088,127.996,5
"1309",147.137,145.576,5
"1310",150.874,143.991,5
"1311",151.57,132.643,5
"1312",152.641,126.352,5
"1313",154.816,124.228,5
"1314",155.562,137.586,5
"1315",156.685,116.021,5
"1316",159.459,159.694,5
"1317",160.652,135.253,5
"1318",161.822,145.008,5
"1319",163.865,133.157,5
"1320",164.448,146.123,5
"1321",166.413,127.977,5
"1322",167.876,124.219,5
"1323",168.858,116.553,5
"1324",170.047,154.26,5
"1325",174.158,123.771,5
"1326",176.448,134.225,5
"1327",178.697,124.466,5
"1328",179.603,125.417,5
"1329",180.723,152.672,5
"1330",183.14,149.104,5
"1331",185.67,143.05,5
"1332",189.056,120.449,5
"1333",190.099,136.46,5
"1334",191.786,116.852,5
"1335",192.382,128.013,5
"1336",193.626,133.698,5
"1337",194.39,114.376,5
"1338",195.738,135.992,5
"1339",198.6,155.586,5
"1340",199.467,135.352,5
"1341",200.434,114.484,5
"1342",203.988,141.826,5
"1343",206.186,119.585,5
"1344",206.79,126.155,5
"1345",207.826,144.105,5
"1346",208.591,129.315,5
"1347",211.667,148.61,5
"1348",212.739,151.245,5
"1349",213.784,159.809,5
"1350",216.198,138.852,5
"1351",217.273,132.778,5
"1352",219.627,133.476,5
"1353",220.024,150.138,5
"1354",221.087,124.243,5
"1355",221.448,112.89,5
"1356",222.243,128.54,5
"1357",223.322,146.254,5
"1358",225.3,119.518,5
"1359",226.192,115.616,5
"1360",227.152,111.342,5
"1361",228.003,115.449,5
"1362",229.062,118.111,5
"1363",231.865,119.5,5
"1364",232.564,123.819,5
"1365",233.056,159.382,5
"1366",233.971,122.505,5
"1367",235.537,139.907,5
"1368",236.322,150.657,5
"1369",237.016,144.844,5
"1370",238.188,151.559,5
"1371",238.685,156.991,5
"1372",240.516,150.911,5
"1373",242.275,148.436,5
"1374",242.966,156.867,5
"1375",243.745,144.246,5
"1376",244.482,156.06,5
"1377",244.964,156.2,5
"1378",246.113,148.951,5
"1379",246.408,153.451,5
"1380",248.583,110.92,5
"1381",249.141,141.036,5
"1382",249.995,130.426,5
"1383",251.757,134.636,5
"1384",252.769,149.487,5
"1385",254.687,119.377,5
"1386",254.895,159.468,5
"1387",255.668,135.436,5
"1388",256.683,135.129,5
"1389",257.022,148.442,5
"1390",258.886,143.29,5
"1391",261.13,150.724,5
"1392",261.35,123.095,5
"1393",262.475,151.48,5
"1394",263.424,154.39,5
"1395",264.568,132.859,5
"1396",265.271,136.056,5
"1397",265.645,148.981,5
"1398",266.535,126.489,5
"1399",268.389,149.466,5
"1400",268.992,128.756,5
"1401",270.461,159.535,5
"1402",272.095,116.329,5
"1403",272.8,131.06,5
"1404",273.96,112.132,5
"1405",274.629,126.368,5
"1406",275.433,159.832,5
"1407",276.017,155.483,5
"1408",276.4,147.304,5
"1409",277.327,152.237,5
"1410",278.876,160.939,5
"1411",280.239,133.911,5
"1412",280.972,135.362,5
"1413",281.773,151.874,5
"1414",282.664,137.674,5
"1415",285.095,110.859,5
"1416",286.109,146.389,5
"1417",287.04,161.174,5
"1418",287.998,162.888,5
"1419",288.741,127.745,5
"1420",289.269,146.349,5
"1421",290.278,120.803,5
"1422",290.594,126.369,5
"1423",291.729,141.952,5
"1424",292.221,147.908,5
"1425",293.231,160.734,5
"1426",294.203,111.993,5
"1427",294.478,144.722,5
"1428",297.582,126.619,5
"1429",298.336,152.056,5
"1430",300.213,149.197,5
"1431",300.479,111.716,5
"1432",301.491,125.282,5
"1433",301.988,147.122,5
"1434",303.514,128.15,5
"1435",304.495,148.12,5
"1436",304.844,150.956,5
"1437",305.023,146.022,5
"1438",305.32,117.454,5
"1439",306.886,158.827,5
"1440",308.903,133.036,5
"1441",309.514,108.966,5
"1442",310.989,149.599,5
"1443",312.728,131.854,5
"1444",313.972,138.096,5
"1445",314.744,123.795,5
"1446",315.034,162.594,5
"1447",318.113,119.776,5
"1448",318.642,125.897,5
"1449",320.046,142.62,5
"1450",321.235,110.232,5
"1451",323.767,137.205,5
"1452",325.108,149.343,5
"1453",326.088,157.696,5
"1454",326.944,115.167,5
"1455",327.722,108.153,5
"1456",328.09,119.36,5
"1457",328.568,125.463,5
"1458",328.882,133.027,5
"1459",329.07,130.705,5
"1460",331.298,150.178,5
"1461",332.78,117.426,5
"1462",332.962,139.875,5
"1463",333.176,142.43,5
"1464",334.072,145.903,5
"1465",334.732,118.522,5
"1466",335.609,112.523,5
"1467",336.048,106.842,5
"1468",336.464,109.636,5
"1469",337.301,121.584,5
"1470",338.975,142.92,5
"1471",340.076,140.209,5
"1472",340.733,130.657,5
"1473",341.432,148.501,5
"1474",342.143,135.803,5
"1475",342.561,118.268,5
"1476",342.76,159.119,5
"1477",343.347,120.624,5
"1478",345.759,112.959,5
"1479",346.177,142.695,5
"1480",347.01,162.25,5
"1481",348.324,155.248,5
"1482",348.847,121.319,5
"1483",349.27,104.102,5
"1484",350.268,155.018,5
"1485",351.355,130.904,5
"1486",352.184,116.145,5
"1487",352.6,153.59,5
"1488",353.529,165.407,5
"1489",353.965,109.725,5
"1490",354.898,104.62,5
"1491",355.471,131.498,5
"1492",356.412,115.175,5
"1493",357.903,159.996,5
"1494",358.739,148.101,5
"1495",359.707,110.247,5
"1496",360.877,135.827,5
"1497",361.789,151.029,5
"1498",362.986,105.904,5
"1499",363.991,161.374,5
"1500",364.349,124.248,5
"1501",365.072,123.332,5
"1502",365.712,109.745,5
"1503",366.139,161.967,5
"1504",367.357,157.376,5
"1505",368.109,148.878,5
"1506",370.159,132.535,5
"1507",370.341,122.888,5
"1508",371.905,151.124,5
"1509",372.141,146.876,5
"1510",372.809,101.883,5
"1511",373.572,124.196,5
"1512",374.806,110.627,5
"1513",375.012,166.118,5
"1514",375.493,148.985,5
"1515",375.997,128.038,5
"1516",376.54,115.948,5
"1517",377.539,134.109,5
"1518",379.408,133.052,5
"1519",379.881,147.462,5
"1520",380.49,164.797,5
"1521",380.935,116.036,5
"1522",381.989,104.546,5
"1523",382.408,128.653,5
"1524",383.107,109.26,5
"1525",383.366,158.673,5
"1526",383.876,166.926,5
"1527",384.802,112.571,5
"1528",385.689,126.766,5
"1529",386.499,126.074,5
"1530",386.875,149.056,5
"1531",388.105,141.878,5
"1532",389.451,102.493,5
"1533",391.529,106.554,5
"1534",392.474,158.959,5
"1535",393.363,160.461,5
"1536",393.913,162.008,5
"1537",394.391,144.514,5
"1538",394.913,107.693,5
"1539",395.405,137.845,5
"1540",395.852,135.215,5
"1541",396.776,119.499,5
"1542",397.641,139.632,5
"1543",399.164,105.794,5
"1544",399.918,165.557,5
"1545",401.254,134.953,5
"1546",402.096,162.859,5
"1547",402.61,108.187,5
"1548",403.609,147.19,5
"1549",405.196,157.791,5
"1550",405.949,154.721,5
"1551",406.65,161.996,5
"1552",408.269,136.817,5
"1553",409.474,109.904,5
"1554",411.081,110.178,5
"1555",412.274,164.404,5
"1556",413.416,142.217,5
"1557",413.929,153.953,5
"1558",414.675,155.706,5
"1559",415.76,158.422,5
"1560",415.947,148.758,5
"1561",417.508,159.855,5
"1562",418.315,141.355,5
"1563",419.537,148.749,5
"1564",420.437,134.559,5
"1565",420.996,156.976,5
"1566",421.305,104.089,5
"1567",421.528,107.615,5
"1568",423.015,155.494,5
"1569",423.708,124.388,5
"1570",424.648,154.398,5
"1571",425.93,147.334,5
"1572",426.891,113.192,5
"1573",427.803,109.824,5
"1574",429.384,98.402,5
"1575",429.747,111.753,5
"1576",430.327,117.361,5
"1577",431.114,166.059,5
"1578",431.724,114.938,5
"1579",432.267,156.525,5
"1580",432.536,117.196,5
"1581",433.09,104.252,5
"1582",434.12,115.038,5
"1583",435.246,158.305,5
"1584",435.818,162.484,5
"1585",436.959,147.122,5
"1586",438.152,137.398,5
"1587",438.75,98.508,5
"1588",439.579,169.047,5
"1589",439.691,141.413,5
"1590",440.249,117.888,5
"1591",442.137,130.39,5
"1592",442.7,167.665,5
"1593",443.017,137.065,5
"1594",443.897,163.984,5
"1595",444.519,96.789,5
"1596",445.233,127.048,5
"1597",445.52,112.532,5
"1598",446.048,104.647,5
"1599",446.788,124.089,5
"1600",447.624,107.356,5
"1601",448.034,107.531,5
"1602",448.515,169.29,5
"1603",449.34,132.426,5
"1604",449.89,94.756,5
"1605",450.602,154.409,5
"1606",451.759,127.084,5
"1607",452.486,136.176,5
"1608",452.895,98.269,5
"1609",454.448,155.473,5
"1610",454.853,146.684,5
"1611",19.63,349.476,6
"1612",22.691,367.157,6
"1613",23.878,357.674,6
"1614",25.846,359.834,6
"1615",26.461,342.387,6
"1616",27.403,350.942,6
"1617",29.272,353.44,6
"1618",31.412,383.076,6
"1619",32.358,371.62,6
"1620",33.132,371.771,6
"1621",33.892,337.602,6
"1622",35.6,383.954,6
"1623",37.084,333.971,6
"1624",37.494,335.178,6
"1625",38.315,359.756,6
"1626",38.604,396.243,6
"1627",39.737,361.884,6
"1628",40.679,388.344,6
"1629",41.653,319.618,6
"1630",42.345,394.862,6
"1631",43.797,340.708,6
"1632",44.178,332.407,6
"1633",44.706,365.156,6
"1634",46.428,355.147,6
"1635",47.515,356.629,6
"1636",48.115,342.562,6
"1637",49.459,350.855,6
"1638",50.221,334.949,6
"1639",51.055,379.387,6
"1640",52.212,327.486,6
"1641",53.565,363.259,6
"1642",54.699,345.209,6
"1643",56.059,385.797,6
"1644",57.262,381.326,6
"1645",59.588,357.893,6
"1646",61.471,379.243,6
"1647",61.998,387.088,6
"1648",63.099,339.609,6
"1649",64.309,352.468,6
"1650",64.903,367.009,6
"1651",65.812,393.432,6
"1652",66.669,364.468,6
"1653",67.612,375.903,6
"1654",68.008,383.416,6
"1655",68.789,372.091,6
"1656",71.037,360.484,6
"1657",73.94,345.452,6
"1658",74.735,339.028,6
"1659",75.428,379.489,6
"1660",76.856,362.964,6
"1661",78.884,351.998,6
"1662",79.65,373.082,6
"1663",81.327,329.31,6
"1664",82.628,386.988,6
"1665",83.23,367.24,6
"1666",83.711,341.459,6
"1667",84.957,388.822,6
"1668",85.27,389.035,6
"1669",86.209,368.775,6
"1670",87.567,398.195,6
"1671",91.831,373.494,6
"1672",92.391,365.471,6
"1673",92.829,375.571,6
"1674",94.331,374.994,6
"1675",95.679,355.861,6
"1676",98.554,327.855,6
"1677",100.356,343.139,6
"1678",101.355,392.531,6
"1679",102.682,396.718,6
"1680",103.281,392.931,6
"1681",104.011,363.262,6
"1682",104.786,331.155,6
"1683",105.121,344.324,6
"1684",106.15,372.175,6
"1685",108.516,334.433,6
"1686",108.74,389.766,6
"1687",109.958,400.941,6
"1688",111.22,345.926,6
"1689",112.781,389.315,6
"1690",113.842,391.853,6
"1691",114.926,340.23,6
"1692",115.261,349.419,6
"1693",116.562,346.507,6
"1694",116.922,394.277,6
"1695",118.894,334.391,6
"1696",119.6,375.124,6
"1697",120.381,370.344,6
"1698",120.825,334.534,6
"1699",122.749,338.957,6
"1700",125.508,353.338,6
"1701",126.19,382.555,6
"1702",127.186,365.922,6
"1703",127.912,353.864,6
"1704",128.304,353.219,6
"1705",129.391,328.166,6
"1706",130.542,349.603,6
"1707",130.862,372.719,6
"1708",131.724,353.369,6
"1709",132.643,327.94,6
"1710",133.877,379.068,6
"1711",134.885,329.977,6
"1712",135.315,357.724,6
"1713",137.015,340.944,6
"1714",137.442,367.477,6
"1715",138.355,394.453,6
"1716",139.28,378.471,6
"1717",140.046,371.254,6
"1718",140.794,348.667,6
"1719",141.719,382.129,6
"1720",143.696,389.256,6
"1721",144.511,391.301,6
"1722",145.283,382.486,6
"1723",146.735,363.463,6
"1724",147.796,323.203,6
"1725",148.646,373.737,6
"1726",149.749,394.613,6
"1727",150.137,343.403,6
"1728",152.39,373.589,6
"1729",152.761,398.566,6
"1730",154.49,389.909,6
"1731",155.075,357.295,6
"1732",157.744,325.818,6
"1733",159.24,376.091,6
"1734",160.202,380.371,6
"1735",161.99,365.087,6
"1736",162.862,339.485,6
"1737",164.314,341.107,6
"1738",164.805,318.129,6
"1739",166.374,340.962,6
"1740",168.254,391.485,6
"1741",169.13,392.663,6
"1742",171.751,373.785,6
"1743",173.256,389.621,6
"1744",173.481,384.481,6
"1745",174.257,314.826,6
"1746",174.701,329.036,6
"1747",175.309,345.168,6
"1748",175.93,353.58,6
"1749",177.14,368.486,6
"1750",177.867,371.715,6
"1751",178.184,317.635,6
"1752",179.134,323.988,6
"1753",179.369,326.522,6
"1754",180.012,381.236,6
"1755",180.725,330.761,6
"1756",181.608,343.612,6
"1757",183.608,384.239,6
"1758",184.551,356.24,6
"1759",184.854,326.746,6
"1760",185.522,318.843,6
"1761",185.979,381.037,6
"1762",186.061,333.279,6
"1763",187.069,317.164,6
"1764",187.73,337.019,6
"1765",188.529,309.77,6
"1766",189.777,336.671,6
"1767",192.081,334.49,6
"1768",192.965,370.724,6
"1769",193.226,383.806,6
"1770",194.004,345.934,6
"1771",194.615,317.75,6
"1772",195.402,318.689,6
"1773",195.7,341.63,6
"1774",197.125,358.948,6
"1775",197.687,384.699,6
"1776",198.43,396.933,6
"1777",199.645,359.01,6
"1778",200.389,367.112,6
"1779",201.408,333.623,6
"1780",202.13,369.695,6
"1781",203.031,304.539,6
"1782",203.492,344.555,6
"1783",203.626,332.286,6
"1784",205.471,360.552,6
"1785",205.983,354.271,6
"1786",207.846,313.296,6
"1787",208.828,347.435,6
"1788",210.178,381.39,6
"1789",211.081,346.189,6
"1790",212.218,352.546,6
"1791",212.441,335.582,6
"1792",212.709,346.273,6
"1793",212.975,355.365,6
"1794",213.517,328.602,6
"1795",214.337,383.732,6
"1796",214.778,352.766,6
"1797",215.837,395.339,6
"1798",216.275,344.837,6
"1799",216.691,299.908,6
"1800",217.011,348.172,6
"1801",217.927,376.302,6
"1802",218.218,369.903,6
"1803",219.168,338.646,6
"1804",219.975,381.722,6
"1805",220.203,342.417,6
"1806",221.014,313.268,6
"1807",221.483,335.171,6
"1808",222.342,310.161,6
"1809",223.5,331.001,6
"1810",223.912,299.244,6
"1811",224.663,400.324,6
"1812",224.856,382.039,6
"1813",226.199,343.957,6
"1814",227.477,336.655,6
"1815",228.534,347.878,6
"1816",229.163,368.545,6
"1817",229.257,397.519,6
"1818",229.736,305.988,6
"1819",232.237,391.361,6
"1820",232.926,374.289,6
"1821",233.61,292.224,6
"1822",234.479,299.916,6
"1823",234.85,371.915,6
"1824",235.435,317.97,6
"1825",235.89,309.186,6
"1826",236.433,366.293,6
"1827",237.501,326.768,6
"1828",238.334,302.021,6
"1829",238.515,307.758,6
"1830",239.226,356.51,6
"1831",239.499,341.685,6
"1832",240.196,336.499,6
"1833",240.473,368.099,6
"1834",241.59,342.149,6
"1835",241.891,381.061,6
"1836",242.966,390.113,6
"1837",243.324,285.619,6
"1838",244.477,382.524,6
"1839",244.779,381.582,6
"1840",245.247,285.977,6
"1841",246.079,326.126,6
"1842",247.13,318.996,6
"1843",247.822,333.245,6
"1844",248.125,346.789,6
"1845",248.591,292.215,6
"1846",249.807,311.445,6
"1847",250.294,351.677,6
"1848",251.711,366.227,6
"1849",252.868,284.662,6
"1850",253.215,385.3,6
"1851",253.658,282.454,6
"1852",253.755,322.149,6
"1853",254.04,389.891,6
"1854",254.356,327.074,6
"1855",255.184,364.71,6
"1856",255.626,399.492,6
"1857",255.924,311.035,6
"1858",256.963,381.075,6
"1859",257.238,289.789,6
"1860",258.056,330.499,6
"1861",259.155,373.736,6
"1862",259.768,309.523,6
"1863",259.905,281.671,6
"1864",261.23,299.372,6
"1865",262.001,361.898,6
"1866",262.411,357.32,6
"1867",263.693,305.648,6
"1868",263.977,305.759,6
"1869",264.761,377.055,6
"1870",265.614,399.174,6
"1871",266.554,304.575,6
"1872",266.705,350.153,6
"1873",267.081,313.846,6
"1874",267.452,290.026,6
"1875",267.748,352.889,6
"1876",268.215,334.102,6
"1877",268.604,347.187,6
"1878",269.071,331.948,6
"1879",269.557,319.773,6
"1880",270.599,360.545,6
"1881",270.766,348.803,6
"1882",271.375,341.773,6
"1883",271.554,292.768,6
"1884",272.273,396.064,6
"1885",273.29,293.129,6
"1886",273.852,297.201,6
"1887",274.456,393.318,6
"1888",275.018,390.815,6
"1889",275.965,341.212,6
"1890",276.379,364.671,6
"1891",277.239,319.648,6
"1892",277.636,287.894,6
"1893",277.865,295.799,6
"1894",278.699,327.014,6
"1895",279.889,382.823,6
"1896",280.581,351.827,6
"1897",281.568,307.436,6
"1898",281.765,373.226,6
"1899",282.162,293.951,6
"1900",282.322,342.371,6
"1901",282.66,351.256,6
"1902",283.452,376.83,6
"1903",284.714,302.182,6
"1904",285.139,346.886,6
"1905",285.723,363.942,6
"1906",285.857,345.885,6
"1907",286.249,346.898,6
"1908",286.682,351.613,6
"1909",287.241,384.163,6
"1910",288.326,384.467,6
"1911",288.669,377.337,6
"1912",289.253,338.963,6
"1913",289.52,333.788,6
"1914",290.63,361.425,6
"1915",291.376,308.967,6
"1916",292.198,358.362,6
"1917",292.543,298.838,6
"1918",293.355,324.01,6
"1919",293.751,306.411,6
"1920",294.182,378.559,6
"1921",294.614,325.861,6
"1922",296.555,306.575,6
"1923",296.958,382.22,6
"1924",298.207,299.327,6
"1925",298.671,377.606,6
"1926",300.118,353.163,6
"1927",300.996,375.288,6
"1928",301.39,338.523,6
"1929",302.585,360.149,6
"1930",303.038,377.79,6
"1931",303.779,378.984,6
"1932",304.234,301.891,6
"1933",305.172,359.986,6
"1934",305.648,303.526,6
"1935",307.581,397.806,6
"1936",308.518,400.249,6
"1937",309.301,336.652,6
"1938",309.991,306.869,6
"1939",310.802,389.039,6
"1940",311.134,343.202,6
"1941",311.648,387.505,6
"1942",312.849,337.028,6
"1943",313.275,394.552,6
"1944",313.773,392.062,6
"1945",314.734,372.732,6
"1946",315.007,365.965,6
"1947",317.379,371.384,6
"1948",317.912,382.673,6
"1949",318.992,315.658,6
"1950",319.649,372.035,6
"1951",320.654,321.73,6
"1952",321.207,387.65,6
"1953",321.734,373.914,6
"1954",322.403,326.447,6
"1955",323.134,398.075,6
"1956",324.948,366.022,6
"1957",325.339,347.075,6
"1958",326.037,371.664,6
"1959",327.784,334.158,6
"1960",328.515,323.344,6
"1961",329.41,340.427,6
"1962",330.088,350.123,6
"1963",330.401,371.878,6
"1964",331.529,351.491,6
"1965",332.463,327.332,6
"1966",334.078,339.272,6
"1967",334.874,311.798,6
"1968",335.542,367.419,6
"1969",337.687,384.806,6
"1970",338.011,390.244,6
"1971",339.267,342.463,6
"1972",339.761,334.525,6
"1973",340.794,318.997,6
"1974",341.5,322.826,6
"1975",342.018,342.896,6
"1976",342.468,358.592,6
"1977",342.961,346.798,6
"1978",343.296,315.26,6
"1979",343.613,386.365,6
"1980",343.854,369.105,6
"1981",344.749,348.701,6
"1982",345.608,349.167,6
"1983",347.346,373.371,6
"1984",347.688,359.336,6
"1985",348.557,397.396,6
"1986",349.286,394.957,6
"1987",349.841,331.45,6
"1988",351.698,350.463,6
"1989",353.635,338.307,6
"1990",354.384,365.922,6
"1991",355.433,317.592,6
"1992",356.506,324.225,6
"1993",356.941,374.429,6
"1994",357.544,360.146,6
"1995",358.707,394.035,6
"1996",359.02,386.164,6
"1997",359.226,369.82,6
"1998",359.884,365.271,6
"1999",360.191,319.999,6
"2000",360.986,370.84,6
"2001",361.176,323.365,6
"2002",361.983,340.434,6
"2003",363.552,350.567,6
"2004",364.138,389.774,6
"2005",364.31,400.75,6
"2006",364.868,371.305,6
"2007",365.271,394.511,6
"2008",367.192,377.158,6
"2009",368.095,322.415,6
"2010",368.875,381.008,6
"2011",370.46,385.538,6
"2012",371.19,373.831,6
"2013",373.018,364.119,6
"2014",373.965,322.584,6
"2015",374.933,379.476,6
"2016",375.286,385.352,6
"2017",376.258,337.189,6
"2018",379.053,325.039,6
"2019",379.967,376.652,6
"2020",381.251,382.6,6
"2021",382.274,330.678,6
"2022",382.877,361.738,6
"2023",383.532,392.374,6
"2024",385.117,359.703,6
"2025",386.335,338.236,6
"2026",386.801,364.83,6
"2027",387.565,393.354,6
"2028",387.701,383.558,6
"2029",388.808,325.055,6
"2030",389.141,383.174,6
"2031",389.596,366.305,6
"2032",390.214,325.705,6
"2033",391.248,391.097,6
"2034",392.615,351.181,6
"2035",392.911,350.535,6
"2036",394.155,345.312,6
"2037",395.88,377.841,6
"2038",396.936,371.517,6
"2039",397.628,321.44,6
"2040",398.174,386.012,6
"2041",399.255,393.952,6
"2042",400.306,357.416,6
"2043",401.899,349.845,6
"2044",404.031,348.756,6
"2045",404.279,389.834,6
"2046",405.065,348.706,6
"2047",406.237,362.886,6
"2048",406.969,352.447,6
"2049",408.012,393.706,6
"2050",408.556,383.086,6
"2051",409.45,398.005,6
"2052",410.003,346.277,6
"2053",410.776,351.986,6
"2054",412.663,382.547,6
"2055",413.546,365.278,6
"2056",415.726,363.253,6
"2057",417.072,375.138,6
"2058",417.484,355.655,6
"2059",418.502,373.409,6
"2060",420.889,384.816,6
"2061",421.985,369.462,6
"2062",424.566,372.556,6
"2063",425.837,342.892,6
"2064",427.491,356.414,6
"2065",429.937,337.217,6
"2066",430.432,351.46,6
"2067",431.508,375.668,6
"2068",432.453,387.599,6
"2069",433.123,365.432,6
"2070",434.134,370.212,6
"2071",434.78,349.47,6
"2072",435.925,369.221,6
"2073",436.832,390.254,6
"2074",438.054,344.923,6
"2075",438.312,354.268,6
"2076",440.18,344.595,6
"2077",441.388,374.623,6
"2078",443.013,375.385,6
"2079",445.226,339.88,6
"2080",446.536,337.299,6
"2081",446.721,350.344,6
"2082",447.578,342.993,6
"2083",451.617,372.611,6
"2084",453.138,368.993,6
"2085",454.069,369.96,6
"2086",456.558,342.868,6
"2087",458.943,375.9,6
"2088",460.569,367.608,6
"2089",461.574,358.047,6
"2090",462.669,356.61,6
"2091",463.312,352.626,6
"2092",465.684,360.702,6
"2093",466.62,368.253,6
"2094",468.655,352.672,6
"2095",504.028,55.227,7
"2096",510.743,61.946,7
"2097",513.031,52.542,7
"2098",513.689,53.478,7
"2099",516.584,62.239,7
"2100",517.117,61.721,7
"2101",519.542,71.158,7
"2102",519.789,66.485,7
"2103",519.829,81.693,7
"2104",520.208,53.968,7
"2105",520.663,84.578,7
"2106",521.054,64.937,7
"2107",523.901,80.038,7
"2108",524.201,63.799,7
"2109",524.789,72.777,7
"2110",526.183,92.373,7
"2111",527.265,65.492,7
"2112",528.743,59.36,7
"2113",530.023,98.811,7
"2114",533.453,90.643,7
"2115",533.642,88.332,7
"2116",534.593,81.006,7
"2117",536.044,62.266,7
"2118",537.817,72.697,7
"2119",538.113,64.413,7
"2120",538.659,111.169,7
"2121",539.337,75.1,7
"2122",540.131,73.454,7
"2123",540.19,76.69,7
"2124",541.149,109.533,7
"2125",541.823,89.65,7
"2126",542.869,65.846,7
"2127",543.921,112.783,7
"2128",546.255,83.295,7
"2129",547.246,112.738,7
"2130",548.017,111.445,7
"2131",548.185,126.194,7
"2132",548.547,104.378,7
"2133",551.222,104.242,7
"2134",551.976,116.697,7
"2135",552.784,110.715,7
"2136",554.142,122.696,7
"2137",554.637,106.999,7
"2138",554.814,90.925,7
"2139",556.079,120.762,7
"2140",556.591,133.378,7
"2141",556.841,121.529,7
"2142",557.139,125.728,7
"2143",557.441,100.475,7
"2144",558.661,134.89,7
"2145",559.491,112.552,7
"2146",559.991,125.34,7
"2147",560.38,142.154,7
"2148",561.281,120.642,7
"2149",562.481,108.078,7
"2150",563.169,103.119,7
"2151",563.799,314.189,7
"2152",564.012,341.848,7
"2153",564.681,143.322,7
"2154",564.849,148.328,7
"2155",565.067,299.003,7
"2156",565.246,317.064,7
"2157",565.441,146.231,7
"2158",566.003,325.107,7
"2159",566.114,345.167,7
"2160",566.22,126.081,7
"2161",566.523,163.97,7
"2162",566.62,347.415,7
"2163",566.86,174.176,7
"2164",566.956,179.487,7
"2165",567.22,125.456,7
"2166",567.29,328.439,7
"2167",567.449,323.849,7
"2168",567.561,349.433,7
"2169",567.88,209.984,7
"2170",567.952,311.985,7
"2171",568.045,185.988,7
"2172",568.391,312.555,7
"2173",568.56,253.928,7
"2174",568.724,284.118,7
"2175",568.829,236.282,7
"2176",568.915,123.298,7
"2177",569.107,302.503,7
"2178",569.372,124.686,7
"2179",569.488,239.794,7
"2180",569.685,201.226,7
"2181",570.207,158.788,7
"2182",570.513,234.551,7
"2183",570.883,191.138,7
"2184",570.987,151.505,7
"2185",571.027,168.509,7
"2186",571.197,291.11,7
"2187",571.532,182.715,7
"2188",571.883,216.723,7
"2189",572.064,271.436,7
"2190",572.263,185.926,7
"2191",572.338,198.167,7
"2192",572.566,308.345,7
"2193",572.816,183.224,7
"2194",572.948,357.202,7
"2195",573.264,243.103,7
"2196",573.385,152.264,7
"2197",573.915,135.807,7
"2198",574.091,293.097,7
"2199",574.571,245.353,7
"2200",574.859,362.817,7
"2201",575.025,286.235,7
"2202",575.128,231.212,7
"2203",575.463,220.713,7
"2204",575.766,123.604,7
"2205",575.963,346.134,7
"2206",576.146,274.988,7
"2207",576.292,127.909,7
"2208",576.377,292.105,7
"2209",576.849,295.941,7
"2210",577.072,259.181,7
"2211",577.221,300.215,7
"2212",577.36,230.811,7
"2213",577.5,221.246,7
"2214",577.551,145.808,7
"2215",577.804,320.07,7
"2216",577.937,331.004,7
"2217",578.177,296.176,7
"2218",578.199,250.657,7
"2219",578.284,155.48,7
"2220",578.397,205.368,7
"2221",578.487,291.93,7
"2222",578.853,137.311,7
"2223",579.048,360.826,7
"2224",579.176,379.559,7
"2225",579.282,360.992,7
"2226",579.402,223.282,7
"2227",579.676,313.344,7
"2228",579.843,344.934,7
"2229",579.96,211.026,7
"2230",580.044,219.853,7
"2231",580.409,172.457,7
"2232",580.45,300.179,7
"2233",580.726,217.399,7
"2234",580.92,148.427,7
"2235",580.991,217.541,7
"2236",581.035,377.345,7
"2237",581.328,213.396,7
"2238",581.662,298.031,7
"2239",581.908,134.275,7
"2240",582.187,191.983,7
"2241",582.493,129.271,7
"2242",582.583,131.719,7
"2243",582.876,153.416,7
"2244",583.156,133.197,7
"2245",583.455,374.931,7
"2246",583.61,155.124,7
"2247",583.787,329.809,7
"2248",583.834,200.943,7
"2249",583.946,274.24,7
"2250",584.068,242.799,7
"2251",584.171,226.237,7
"2252",584.614,359.845,7
"2253",584.684,267.184,7
"2254",584.721,217.028,7
"2255",584.92,321.48,7
"2256",585.22,358.711,7
"2257",585.356,318.592,7
"2258",585.679,320.137,7
"2259",586.012,246.075,7
"2260",586.193,129.596,7
"2261",586.391,150.932,7
"2262",586.575,249.375,7
"2263",586.822,131.428,7
"2264",587.086,199.17,7
"2265",587.262,240.233,7
"2266",587.363,221.569,7
"2267",587.439,205.984,7
"2268",587.594,170.538,7
"2269",587.807,194.82,7
"2270",587.925,254.724,7
"2271",588.057,354.096,7
"2272",588.194,257.233,7
"2273",588.262,247.201,7
"2274",588.288,128.991,7
"2275",588.495,283.926,7
"2276",588.976,229.133,7
"2277",589.019,340.729,7
"2278",589.259,232.24,7
"2279",589.537,209.663,7
"2280",589.792,290.991,7
"2281",590.027,338.037,7
"2282",590.252,198.071,7
"2283",590.399,155.03,7
"2284",590.562,305.318,7
"2285",590.798,317.45,7
"2286",591.114,180.042,7
"2287",591.156,368.362,7
"2288",591.35,304.522,7
"2289",591.729,184.134,7
"2290",591.975,370.581,7
"2291",592.212,171.273,7
"2292",592.51,159.02,7
"2293",592.682,368.321,7
"2294",592.784,282.055,7
"2295",592.91,129.215,7
"2296",592.978,169.718,7
"2297",593.103,361.339,7
"2298",593.174,382.389,7
"2299",593.584,300.721,7
"2300",593.664,277.234,7
"2301",593.807,155.468,7
"2302",594.023,138.445,7
"2303",594.21,238.329,7
"2304",594.33,185.75,7
"2305",594.502,324.827,7
"2306",594.554,191.805,7
"2307",594.706,335.182,7
"2308",594.986,254.981,7
"2309",595.124,180.942,7
"2310",595.352,167.91,7
"2311",595.426,321.672,7
"2312",595.622,225.465,7
"2313",595.659,175.996,7
"2314",595.783,253.859,7
"2315",595.848,201.982,7
"2316",596.162,300.781,7
"2317",596.366,268.087,7
"2318",596.576,212.327,7
"2319",596.822,131.08,7
"2320",596.967,171.221,7
"2321",597.105,139.119,7
"2322",597.228,247.438,7
"2323",597.332,348.475,7
"2324",597.527,208.034,7
"2325",597.694,294.257,7
"2326",597.795,203.989,7
"2327",598.029,150.373,7
"2328",598.355,266.608,7
"2329",598.66,339.573,7
"2330",598.936,308.396,7
"2331",599.25,174.396,7
"2332",599.427,315.671,7
"2333",599.584,374.813,7
"2334",599.745,146.914,7
"2335",599.843,141.491,7
"2336",600.073,317.714,7
"2337",600.177,276.823,7
"2338",600.414,344.423,7
"2339",600.582,139.046,7
"2340",600.707,239.265,7
"2341",600.859,302.851,7
"2342",600.957,379.96,7
"2343",601.285,356.755,7
"2344",601.49,251.212,7
"2345",601.604,153.194,7
"2346",601.977,365.213,7
"2347",602.191,335.238,7
"2348",602.733,284.104,7
"2349",602.912,354.94,7
"2350",603.15,324.281,7
"2351",603.373,360.198,7
"2352",603.558,331.077,7
"2353",603.917,221.381,7
"2354",603.995,302.343,7
"2355",604.082,130.127,7
"2356",604.23,385.626,7
"2357",604.465,370.468,7
"2358",604.631,262.499,7
"2359",605.185,138.466,7
"2360",605.358,215.403,7
"2361",605.6,308.35,7
"2362",605.856,279.482,7
"2363",606.103,374.552,7
"2364",606.362,262.293,7
"2365",606.761,360.66,7
"2366",607.099,311.835,7
"2367",607.169,312.57,7
"2368",607.354,349.464,7
"2369",607.547,333.494,7
"2370",607.835,367.067,7
"2371",608.015,139.512,7
"2372",608.174,176.187,7
"2373",608.496,237.74,7
"2374",608.728,272.892,7
"2375",608.915,350.525,7
"2376",609.239,223.566,7
"2377",609.287,179.413,7
"2378",609.635,278.034,7
"2379",609.773,147.967,7
"2380",609.962,319.468,7
"2381",610.173,319.096,7
"2382",610.265,203.962,7
"2383",610.402,231.619,7
"2384",610.71,298.128,7
"2385",610.928,176.848,7
"2386",611.057,209.789,7
"2387",611.292,347.619,7
"2388",611.407,127.679,7
"2389",611.549,365.704,7
"2390",611.839,177.838,7
"2391",612.234,268.038,7
"2392",612.521,203.777,7
"2393",612.663,285.108,7
"2394",612.759,346.325,7
"2395",613.265,211.308,7
"2396",613.42,267.645,7
"2397",613.73,369.371,7
"2398",613.927,168.511,7
"2399",614.175,162.138,7
"2400",614.349,316.53,7
"2401",614.877,357.195,7
"2402",615.224,153.596,7
"2403",615.307,166.364,7
"2404",615.343,305.332,7
"2405",615.473,243.94,7
"2406",615.647,170.137,7
"2407",615.857,348.684,7
"2408",615.976,297.076,7
"2409",616.189,294.695,7
"2410",616.567,234.514,7
"2411",616.625,234.837,7
"2412",616.789,157.771,7
"2413",616.984,304.459,7
"2414",617.082,309.042,7
"2415",617.209,166.945,7
"2416",617.359,340.698,7
"2417",617.576,138.562,7
"2418",617.786,206.85,7
"2419",618.009,307.813,7
"2420",618.304,214.915,7
"2421",618.357,202.963,7
"2422",618.506,198.618,7
"2423",618.613,236.333,7
"2424",618.863,162.446,7
"2425",619.34,276.388,7
"2426",619.418,175.424,7
"2427",619.453,228.333,7
"2428",619.66,262.822,7
"2429",619.905,177.5,7
"2430",620.082,359.154,7
"2431",620.327,337.93,7
"2432",620.758,155.255,7
"2433",620.875,172.556,7
"2434",620.931,216.611,7
"2435",621.161,256.027,7
"2436",621.269,210.442,7
"2437",621.755,358.685,7
"2438",621.881,156.251,7
"2439",621.987,150.63,7
"2440",622.036,359.822,7
"2441",622.132,167.384,7
"2442",622.57,277.084,7
"2443",622.811,325.948,7
"2444",622.995,293.109,7
"2445",623.156,344.808,7
"2446",623.327,319.128,7
"2447",623.618,290.868,7
"2448",623.724,277.57,7
"2449",623.768,270.129,7
"2450",624.131,208.597,7
"2451",624.215,200.356,7
"2452",624.39,337.081,7
"2453",624.7,179.035,7
"2454",624.888,211.609,7
"2455",624.934,258.239,7
"2456",625.317,181.469,7
"2457",625.415,227.66,7
"2458",625.65,167.6,7
"2459",625.769,140.199,7
"2460",625.928,253.514,7
"2461",626.089,307.353,7
"2462",626.213,284.3,7
"2463",626.377,273.54,7
"2464",626.545,237.412,7
"2465",626.826,294.339,7
"2466",626.985,140.82,7
"2467",627.252,273.933,7
"2468",627.39,272.513,7
"2469",627.436,125.475,7
"2470",627.515,314.964,7
"2471",627.756,237.811,7
"2472",627.971,188.982,7
"2473",628.566,262.255,7
"2474",628.944,130.454,7
"2475",629.396,169.871,7
"2476",629.657,140.104,7
"2477",629.783,140.089,7
"2478",630.164,198.043,7
"2479",630.334,167.752,7
"2480",630.471,293.513,7
"2481",630.876,313.745,7
"2482",631.366,155.726,7
"2483",631.727,135.269,7
"2484",631.99,187.382,7
"2485",632.044,191.112,7
"2486",632.247,144.479,7
"2487",633.195,164.1,7
"2488",633.8,104.46,7
"2489",634.52,157.802,7
"2490",635.519,151.448,7
"2491",636.629,98.137,7
"2492",637.155,133.187,7
"2493",637.985,129.206,7
"2494",638.43,123.668,7
"2495",639.189,146.078,7
"2496",639.913,101.291,7
"2497",640.398,146.905,7
"2498",640.874,88.532,7
"2499",641.526,71.193,7
"2500",641.833,130.098,7
"2501",642.096,134.914,7
"2502",642.65,66.026,7
"2503",642.931,72.046,7
"2504",643.305,70.147,7
"2505",644.189,105.402,7
"2506",644.326,87.593,7
"2507",644.568,67.488,7
"2508",644.897,97.698,7
"2509",646.183,73.295,7
"2510",646.309,134.465,7
"2511",647.109,96.616,7
"2512",647.336,62.26,7
"2513",647.832,77.936,7
"2514",648.663,101.896,7
"2515",649.185,115.621,7
"2516",649.603,78.791,7
"2517",651.034,102.031,7
"2518",651.791,79.026,7
"2519",651.904,69.127,7
"2520",653.323,82.183,7
"2521",653.676,50.756,7
"2522",654.241,50.978,7
"2523",654.597,61.231,7
"2524",654.814,62.109,7
"2525",655.425,108.417,7
"2526",656.026,65.508,7
"2527",656.46,74.5,7
"2528",656.56,72.458,7
"2529",656.91,86.43,7
"2530",657.276,115.197,7
"2531",657.623,47.035,7
"2532",657.918,79.095,7
"2533",658.613,91.878,7
"2534",659.224,101.421,7
"2535",659.818,73.144,7
"2536",660.509,76.084,7
"2537",661.103,54.241,7
"2538",661.84,85.89,7
"2539",662.95,41.143,7
"2540",663.395,94.227,7
"2541",664.898,49.236,7
"2542",665.146,78.25,7
"2543",665.792,57.659,7
"2544",666.548,86.523,7
"2545",667.492,57.099,7
"2546",668.872,40.505,7
"2547",669.373,81.047,7
"2548",670.007,58.479,7
"2549",671.358,75.474,7
"2550",672.982,50.898,7
"2551",674.599,57.592,7
"2552",543.406214392213,325.36438264614,2
"2553",318.70342250077,64.5428771097168,2
"2554",206.618615607223,319.04673731716,2
"2555",167.327881181828,257.895203340007,2
"2556",464.625846977808,218.834225728644,5
"2557",397.467618162137,356.367533217268,5
"2558",77.0688430820155,-25.7300835348698,5
"2559",518.198925282138,481.487610183882,6
"2560",173.099313411444,394.999757399148,2
"2561",-19.9974219763685,142.811767718281,3
"2562",74.0179145716784,-16.6916750958188,3
"2563",182.004887932204,186.932563502957,6
"2564",137.115423824104,158.055581164386,2
"2565",-17.3534434344609,213.697262753114,3
"2566",133.399592847128,140.269475254221,5
"2567",-110.13352262295,103.718637112319,3
"2568",608.406945009763,121.46899490168,5
"2569",870.799798530176,10.709552077562,0
"2570",291.717356674683,389.233075721613,2
"2571",795.826564618605,-59.0421632602504,7
"2572",507.346946533133,165.206870481302,7
"2573",619.635307415204,67.6857305836087,2
"2574",27.52883109241,238.051463038909,2
"2575",398.954260792705,-29.7059100314665,7
"2576",324.37642023485,157.41034590937,2
"2577",765.390364837082,194.903882792106,7
"2578",840.992191621213,418.323947860763,7
"2579",777.945876192901,213.39959931683,7
"2580",457.041701675028,238.757979407568,5
"2581",-4.68732281180924,422.013677678286,2
"2582",475.183520292204,-37.9191809920226,7
"2583",583.41500048382,-29.3911404867369,7
"2584",46.9700517773252,319.516339963879,6
"2585",292.418822304959,157.905214189787,2
"2586",256.10959393268,232.793038535443,6
"2587",739.71105908294,196.095480160516,4
"2588",520.233675502833,139.070085466769,5
"2589",550.153678122083,125.286752096033,7
"2590",716.715224460757,144.522990720372,7
"2591",859.566588799243,453.384985680027,7
"2592",896.457257999098,443.492455228632,4
"2593",602.587943419163,225.790021410666,4
"2594",775.155781294206,239.417037236488,7
"2595",709.726648156578,432.971603824494,7
"2596",242.562825638139,41.5144213330876,5
"2597",237.441882600147,300.310256434113,6
"2598",120.911229199872,-130.130101213969,3
"2599",652.907425522149,261.020625900654,2
"2600",-10.7864304611203,103.337206569324,3
"2601",593.177389158028,24.9610770782382,1
"2602",446.208739015102,-90.3029125203539,3
"2603",-109.457101991451,334.654025189002,6
"2604",39.7861659994331,230.23215092413,2
"2605",775.848384211789,422.10906180663,7
"2606",615.084935435894,52.7227894433963,7
"2607",956.494535361226,151.661095877399,4
"2608",375.269374864699,175.524445669984,6
"2609",516.717228152523,461.42780093483,7
"2610",-49.0250609558034,220.164603016903,6
"2611",21.3936184530594,224.002573082542,3
"2612",523.559008545925,130.134644610479,7
"2613",225.912516605075,47.3079574772371,7
"2614",-125.988632741578,229.134631060306,2
"2615",412.199578344564,417.451449977628,7
"2616",9.16799046099089,309.282695440233,2
"2617",483.10248128835,234.485926174776,4
"2618",119.531058883722,259.239152157169,2
"2619",742.165169910976,99.4851571795984,0
"2620",139.201030799322,170.835409334387,3
"2621",297.655592554373,52.2381155449297,3
"2622",660.697612699739,279.305487331623,7
"2623",363.570565681446,256.249450690275,5
"2624",431.32271625198,197.94353631186,7
"2625",420.122101960546,253.036151681921,6
"2626",195.913908175987,60.3831214955227,3
"2627",257.316057312344,-108.404998611859,3
"2628",402.079412874409,125.68693968653,5
"2629",384.531715458849,243.583883144069,2
"2630",539.657522045488,322.768577138731,7
"2631",147.295013302405,246.918901855295,5
"2632",250.889903491263,68.7598005663691,5
"2633",675.614165588083,475.967605904064,4
"2634",395.899170107333,134.950404745192,5
"2635",204.572262631658,251.917824180465,6
"2636",227.68590345723,188.056362102535,1
"2637",541.527398029598,182.494948354821,7
"2638",641.537001944034,233.55454615764,3
"2639",506.106220726277,226.479153660803,5
"2640",181.089800439354,124.369907850131,3
"2641",418.154632947339,23.4811699326037,5
"2642",-156.443874430665,190.993907509876,5
"2643",155.892211381114,19.0786994219319,3
"2644",464.329271301434,189.992228298213,5
"2645",464.913072880931,261.780988631616,5
"2646",786.568080059385,193.518552956179,7
"2647",241.276915343959,46.8967630280045,4
"2648",420.548116691425,305.102886401334,7
"2649",331.177211891075,113.655221547638,2
"2650",75.597792876114,234.055289493449,3
"2651",399.212478095877,380.667060319732,6
"2652",559.19535256029,237.752534959862,6
"2653",201.906389288919,240.926798139849,4
"2654",202.678364985936,298.212203531615,2
"2655",233.485553518922,174.333980631102,2
"2656",760.198838373448,432.95423546235,7
"2657",157.202030072703,178.851340141253,3
"2658",530.392484198858,532.252755493138,6
"2659",364.858250451823,185.484723647164,1
"2660",531.886632412124,73.4335816005012,7
"2661",-46.5792519218167,-66.9120929725251,3
"2662",286.009525024322,171.682098959878,6
"2663",215.182818690462,178.33460388464,2
"2664",359.611163537785,380.878363332694,5
"2665",441.215266506784,264.150640672518,2
"2666",623.802544166122,-115.136931393681,5
"2667",795.707856544198,160.641270836723,7
"2668",514.473856875719,-15.6442737080495,3
"2669",322.631638426796,-135.10019065163,3
"2670",-123.269341877524,409.898208654637,6
"2671",193.382062675671,190.905797351915,5
"2672",458.913985160561,351.784959862828,6
"2673",168.203423902389,110.118239935863,5
"2674",547.559927800049,87.3739281306944,5
"2675",172.345542813804,367.486816389244,6
"2676",108.119721871636,-6.58460226358702,3
"2677",733.997319011744,61.340864733567,7
"2678",497.70875086606,5.26261988721943,5
"2679",333.196374274889,91.8664677293809,7
"2680",224.773639327818,318.290537989186,1
"2681",-266.0506196047,88.3747451970355,5
"2682",45.3965465442526,94.1179208676581,2
"2683",392.647691017321,288.414215353353,1
"2684",457.271589445631,362.511942563062,6
"2685",351.463691768992,294.136399775434,6
"2686",472.953614450137,275.444697539669,4
"2687",267.333533538063,318.698326153168,2
"2688",385.104261297809,-73.3182108145672,3
"2689",397.75914667352,414.910297166406,2
"2690",478.341124130295,138.497055498057,1
"2691",429.574820486948,109.242054016179,2
"2692",673.95945336402,250.934964869948,7
"2693",279.516468781983,273.413097473535,6
"2694",64.064281363587,245.455712496177,2
"2695",12.8251816631019,283.557696358163,6
"2696",649.569861684614,452.938466664682,6
"2697",592.239410516942,251.118823023208,2
"2698",290.448539913678,151.476404748119,2
"2699",524.54159655143,402.744867761158,6
"2700",188.107593219709,133.468812817545,2
"2701",558.677186539403,264.636885889526,4
"2702",479.39042221987,149.177541856633,7
"2703",811.563003747484,-33.6761811891688,3
"2704",345.925160003788,109.773952715719,2
"2705",221.40456560799,234.184807368994,2
"2706",377.019897022243,496.943020823675,6
"2707",389.432512652983,355.846412489301,6
"2708",609.562587092333,269.477257671652,2
"2709",470.053233129672,568.031438058162,6
"2710",432.902611458401,229.062657258987,2
"2711",691.122617694191,211.27219236772,7
"2712",315.058884493909,414.587448686607,6
"2713",489.19361661939,-21.1341462208892,3
"2714",30.0304615946504,106.807697215493,3
"2715",657.122499105322,35.1727247838758,7
"2716",488.637264586549,-94.9475575352163,3
"2717",155.684200263456,261.121913994235,2
"2718",350.46939574721,455.32832087638,6
"2719",251.064393771366,181.264702641851,3
"2720",63.3052187115935,355.838841777032,2
"2721",403.977408664304,-6.26209026644163,3
"2722",134.094909327727,-54.2550644537182,3
"2723",503.010151318469,625.147108671654,6
"2724",315.75984390091,73.8838630607492,3
"2725",573.558961470579,257.47732866924,7
"2726",103.243917069009,209.893031692967,5
"2727",338.424260989805,207.444673178003,5
"2728",289.028826804195,319.556941896219,6
"2729",460.972078937893,256.105596284781,4
"2730",285.113484706707,148.430278485532,5
"2731",567.782606451723,72.6018510976304,5
"2732",405.780712518256,60.1302454831242,3
"2733",143.105998665281,353.888025113589,2
"2734",321.034013235364,289.680168829919,2
"2735",409.752542878474,414.454315318605,2
"2736",308.210443588612,140.83306841635,7
"2737",377.315173170802,126.853748858581,1
"2738",380.604829632517,143.932791521409,3
"2739",271.687523735537,207.346754676786,2
"2740",192.318035767683,379.80693474643,6
"2741",436.149527696552,191.084151856226,3
"2742",22.4006438794429,216.372618305482,2
"2743",366.626718302701,169.161655478178,2
"2744",666.364408665494,-35.4153040191098,0
"2745",821.46426169374,515.427654386963,5
"2746",307.947993346132,207.237820923053,7
"2747",326.110340852767,61.5374849246963,5
"2748",-11.3770820734813,271.36563606438,6
"2749",368.387204231359,307.038384346002,6
"2750",235.508777922054,477.683098818253,6
"2751",-283.459797270601,325.352741902318,6
"2752",368.494376015059,327.11356543312,2
"2753",493.037106967556,72.8969665750251,7
"2754",33.9657111707284,16.1988292548468,3
"2755",510.650964332397,434.931835441146,6
"2756",319.310160765771,55.4224412368514,3
"2757",210.852889173255,443.354109628669,6
"2758",506.22214987761,165.273670235296,7
"2759",450.488935307144,269.89446581398,3
"2760",182.859527993246,156.323987355908,5
"2761",-223.345219837007,-39.0654343639112,5
"2762",277.716530179931,327.934943670112,2
"2763",297.482722301957,194.287402422219,6
"2764",241.352055437246,365.764102341482,6
"2765",383.861130218449,225.149366038089,6
"2766",67.0535569990843,333.777664797469,2
"2767",88.5851798760386,131.475627359802,2
"2768",-18.4091716464169,296.894676999823,2
"2769",450.648993623128,357.849181239597,7
"2770",295.935616773784,-2.7394344668879,5
"2771",412.383445378231,340.022960741829,2
"2772",-1.6916068567602,388.042310998038,6
"2773",526.752793567364,227.644124121612,2
"2774",-108.112600891675,216.58116612709,5
"2775",544.042676150566,135.850776760318,5
"2776",23.4572736885449,163.36269320871,5
"2777",228.556092510052,385.365438428939,2
"2778",156.290084415892,15.6963360706861,3
"2779",334.254847658359,411.721486486582,6
"2780",317.251550051441,375.989015986694,6
"2781",48.8749335747858,-68.8157383872592,3
"2782",154.34645007879,-49.8045540674577,3
"2783",155.700447134693,240.240136975064,3
"2784",15.2427064660977,344.255961263592,2
"2785",253.47654533529,346.477280661269,6
"2786",460.271244857866,338.934976792056,6
"2787",792.64515077435,312.469203489139,7
"2788",25.8244050018361,378.008542253065,6
"2789",457.863659345672,91.8686643039334,5
"2790",553.809329673358,-119.993182112974,7
"2791",162.702894557936,241.505944789741,3
"2792",784.573551008817,298.591468677127,7
"2793",505.201940801913,126.96444228857,0
"2794",654.545975011282,355.739398144261,2
"2795",-253.463251131345,55.604278816834,5
"2796",-9.67718710336294,393.27737770632,2
"2797",733.560320798071,276.336841125683,2
"2798",556.266278979582,313.636671751879,4
"2799",425.964284773108,149.910230583493,2
"2800",817.003438494015,200.983930802068,7
"2801",377.166021596264,134.667966482648,7
"2802",163.222133612496,302.660606894008,2
"2803",208.289220708021,36.8269391908839,3
"2804",780.704693332958,276.504922542026,2
"2805",876.330453651471,451.146523955002,2
"2806",291.976159657071,444.04221744812,4
"2807",325.755833724101,359.468821129349,6
"2808",449.003096841855,408.241115327191,6
"2809",770.88201504526,45.3873556761785,7
"2810",94.1185845901135,195.746456742145,2
"2811",374.431055985997,317.580064777706,6
"2812",601.015718088672,248.28385143722,2
"2813",492.745612772196,-114.871248412454,3
"2814",219.529097136825,224.862190235564,2
"2815",-231.023371449141,115.872908692159,3
"2816",202.80661175743,486.39001168495,6
"2817",559.216695126573,45.9629480093768,3
"2818",309.152867352291,183.542899388158,2
"2819",351.17803035543,129.747663436045,5
"2820",114.549648706396,278.403396509369,6
"2821",39.149250417773,245.55013725759,3
"2822",12.6366682154367,135.734472632534,3
"2823",747.234020956307,401.115561863015,7
"2824",291.562380099217,322.346938450358,2
"2825",143.871542090484,217.807706520346,5
"2826",368.59587390484,45.9391216990103,3
"2827",478.747141064366,88.4021588676132,7
"2828",583.901475379211,-52.3907675698663,7
"2829",303.7353852621,290.71831992857,2
"2830",781.46882692749,365.342318145149,2
"2831",264.055032751002,261.736966353569,2
"2832",600.222403553906,40.5071919633725,7
"2833",317.641461141488,52.6299682227849,5
"2834",447.183068146563,423.345620359294,6
"2835",296.089335918955,132.082124761236,6
"2836",496.608867204677,127.689799966421,7
"2837",-52.2733736375415,490.934753883578,6
"2838",315.448917240171,118.424772333033,7
"2839",291.980642699832,170.473027139798,2
"2840",377.990234614535,523.593477187114,2
"2841",-323.336996970943,-59.2643917162462,3
"2842",398.098404441,81.4449254709058,5
"2843",345.750524094665,304.038450238244,6
"2844",192.150704069294,22.6256748722823,7
"2845",794.662354766981,351.728894050934,6
"2846",296.114367703114,96.9115105613815,7
"2847",202.31267492459,294.555988798386,7
"2848",256.012540484246,423.654368434553,6
"2849",281.09561403636,88.3411326763693,2
"2850",73.1146450488918,286.741658529083,2
"2851",1057.38143498154,292.55713881197,7
"2852",-88.2385288549904,188.22830025693,5
"2853",467.908422971216,98.5257302778821,4
"2854",279.201470987444,-25.1687641637079,3
"2855",816.690644851048,324.817789255282,7
"2856",353.321957714969,212.451782823082,3
"2857",161.026818544099,177.277716477089,2
"2858",442.052357531629,485.902974482415,6
"2859",-23.5493435250096,59.4402036912612,5
"2860",369.540226109502,285.403834169729,6
"2861",514.830031567688,219.034803234315,7
"2862",471.399705926607,1.31068263858026,7
"2863",196.87925518107,426.557461756066,6
"2864",570.443868903262,96.1355055418147,3
"2865",469.120443371379,-19.2884834509986,3
"2866",299.421972387725,204.247568338316,6
"2867",-175.224687152014,-108.158114218486,3
"2868",737.321050237154,-144.886597652767,0
"2869",762.123470282889,95.918987843337,7
"2870",111.193386490733,-31.1736148234546,5
"2871",254.695670760919,60.1837859029142,3
"2872",218.830006195224,399.731431359859,6
"2873",419.881716075429,183.039809652315,6
"2874",282.532220683597,104.290246287432,5
"2875",-77.7569612018098,121.641670253554,6
"2876",330.03449418975,54.3911454005095,3
"2877",343.217259752496,240.80033897138,2
"2878",470.209612633537,254.352952621937,7
"2879",-60.7398768746508,-35.0444311099671,3
"2880",-27.0668305670523,67.4000355418646,3
"2881",549.825095210213,158.279205217285,3
"2882",903.007134331145,394.708805962037,7
"2883",-49.8835437935394,236.349650044459,2
"2884",-260.826641324366,-135.295732710032,3
"2885",349.193194138993,326.219998601606,1
"2886",36.3296633153633,325.956999194932,2
"2887",748.205250835906,227.901231824091,7
"2888",488.627157005885,171.292820560262,5
"2889",623.541042258172,-26.4610319499093,7
"2890",285.057130271899,233.4082738518,6
"2891",404.898105030523,290.449795572651,6
"2892",528.047770251788,326.613533510136,4
"2893",210.51213313033,419.902643132915,4
"2894",351.712273739294,225.985083603826,7
"2895",-146.131107733156,58.9194783131431,2
"2896",-148.522812375289,256.472703171142,6
"2897",419.39362779818,100.728622751169,2
"2898",235.081899557581,6.96678749838655,3
"2899",185.804609236012,391.503010284681,6
"2900",119.140408155681,299.680615661045,7
"2901",33.1928190562541,95.1582710305013,3
"2902",115.19157561585,-4.95720310185789,3
"2903",445.353369909956,342.85647906948,7
"2904",597.228611430256,239.949012999359,4
"2905",882.727994322694,260.270412406177,7
"2906",658.819810147755,374.534088965733,2
"2907",-222.692609545752,419.199245570412,6
"2908",-67.0789002127896,8.41209462326265,3
"2909",238.029334718555,213.449455381375,6
"2910",217.287574215205,374.196787442366,6
"2911",175.655505377416,77.1412192839927,5
"2912",485.179526545067,223.377685932685,4
"2913",115.045111389502,164.880673384235,5
"2914",744.85530199896,-47.5189673672959,7
"2915",790.20059148832,120.881337937819,7
"2916",410.415594318902,74.8453860055031,3
"2917",96.2459943748022,35.4529152773851,5
"2918",945.557323316487,382.486011950853,7
"2919",253.272278497788,225.536660122053,5
"2920",102.754886776729,217.900427164998,2
"2921",493.372666029501,-26.6496305469655,3
"2922",65.623286585559,328.050444387352,6
"2923",867.249028067684,437.815442440442,4
"2924",309.377870404381,285.392146417907,2
"2925",647.641718122678,-26.1508325295822,0
"2926",249.995035559665,219.424616985869,5
"2927",513.682055224154,179.606113299555,3
"2928",493.033659195128,-7.09025083907466,3
"2929",830.491459368133,169.489523355514,7
"2930",202.010516600812,355.093765373585,6
"2931",296.470838612538,309.699569218592,6
"2932",110.791453736308,249.134890158255,2
"2933",294.296604641141,144.912009776042,2
